source,n_F,n_M,auc_heldout,auc_insample
official_albania,10,10,0.9517102783475926,0.9517102783475926
official_argentina,30,30,0.791712080269346,0.7937786540016931
official_argentina_buenos_aires,30,30,0.8294087655652516,0.8314513187567408
official_armenia,10,10,0.9470390891553429,0.9470390891553429
official_australia,30,30,0.7355230339806801,0.7371614424809178
official_australia_new_south_wales,30,30,0.7821680646272245,0.7846243488892697
official_australia_queensland,30,30,0.7697422024968824,0.7760311141158392
official_australia_south_australia,30,30,0.7214706113624623,0.7257006947550517
official_australia_victoria,30,30,0.7372558853295562,0.7415561567571511
official_austria,30,29,0.8945042019745953,0.8967984045330494
official_austria_vienna,30,29,0.8966311639266308,0.8989031777029866
official_azerbaijan,30,30,0.7161408538506118,0.7262662702169969
official_belgium,30,30,0.8107472802339366,0.8204416306040164
official_bosnia_federation,30,30,0.8000553442136409,0.8081685134286465
official_brazil,30,30,0.8874522979320366,0.9182461798250894
official_bulgaria,10,10,0.841589966204982,0.8573683925277649
official_canada,30,30,0.8500707555292268,0.8491822140432239
official_canada_british_columbia,30,30,0.8616967598857582,0.8616967598857582
official_canada_new_brunswick,20,20,0.848516430227015,0.8540759127447273
official_canada_nova_scotia,21,21,0.8450635163181062,0.8450635163181062
official_canada_ontario,30,30,0.8635775261616763,0.8647096835239144
official_canada_quebec,30,30,0.6785740500894577,0.683942153717475
official_china,10,10,0.6121835731196503,0.6121835731196503
official_colombia,10,10,0.9354440622619428,0.9354440622619428
official_croatia,30,30,0.8656147226850609,0.8671937943172768
official_curacao,9,24,0.832889190880534,0.840367267514152
official_denmark,30,30,0.6432211194303751,0.6942309102700018
official_dominican_republic,15,15,0.5850206431453099,0.5977790222490654
official_england,30,30,0.7504659524496122,0.7592731373268989
official_estonia,30,30,0.9457082484628124,0.9575597538324311
official_estonia_population_top100,30,30,0.7030338642614159,0.7042478010995937
official_faroe_islands,26,30,0.7281351461038961,0.7334111201298701
official_finland,30,30,0.6676866791064808,0.6845113396557899
official_finland_finnish_children_2024,30,30,0.7040788857690028,0.7083442188655994
official_france,28,24,0.6647479671860336,0.6707261597959089
official_france_angers,30,29,0.6535370879120879,0.661059838598901
official_france_nantes,29,30,0.7160710033811134,0.7199164245916473
official_france_orleans,29,30,0.7265578413834227,0.7372726595110317
official_france_paris,29,29,0.6561894282413848,0.6620963077260347
official_france_saint_herblain,30,29,0.6825009908838684,0.6879819942245625
official_france_toulouse,30,30,0.6937612209181565,0.6961421635061296
official_french_polynesia_pirae_polynesian_names,30,30,0.457225497830682,0.4651240404939371
official_georgia,20,20,0.7166492883185274,0.7254858210403563
official_germany_aachen,30,29,0.9049509309085941,0.9068787807488254
official_germany_berlin,30,29,0.8853689841565382,0.8867946622902706
official_germany_cologne,30,29,0.8306756019836062,0.8337451645336651
official_germany_dortmund,30,29,0.879644286754003,0.8805995269286754
official_germany_essen,30,29,0.8674242424242424,0.8710345643939394
official_germany_kleve,10,10,0.9136334946349675,0.9300441826215021
official_germany_krefeld,30,29,0.9162353347135956,0.9203243616287096
official_germany_leipzig,30,29,0.8263423965022544,0.8358627196724988
official_germany_muenster,30,30,0.8430742351780406,0.8525015488197829
official_germany_munich,30,29,0.8979882177250046,0.9027049349737145
official_germany_wesel,30,30,0.8603014286461876,0.8643309435344602
official_germany_wuppertal,30,29,0.9024268780248299,0.9064810268639967
official_greenland,30,30,0.6172026951931091,0.6173068908030007
official_greenland_greenlandic_names,30,30,0.6885416666666667,0.6916666666666668
official_hungary,30,30,0.8261089769630243,0.844638095876109
official_iceland,30,30,0.707136001535656,0.70734235531241
official_indonesia,10,10,0.930912538724325,0.9700258570366687
official_iran,30,30,0.6048512099470086,0.6104478893726708
official_ireland,30,30,0.8152562207789363,0.8174431116135521
official_italy,30,30,0.7315077521893273,0.7328176181116673
official_japan,13,19,0.563166963755199,0.5849019607843138
official_kazakhstan,30,30,0.7526236291317787,0.7694029159618377
official_kazakhstan_kazakh,30,30,0.7348797216194147,0.7525559829341252
official_kyrgyzstan,10,10,0.8040225440205262,0.8040225440205262
official_latvia,30,30,0.8889753712065765,0.8957314945591848
official_lithuania,30,30,0.7498641482814487,0.759598645927057
official_mexico_city,30,30,0.7651964189895224,0.7692564037391624
official_moldova,20,20,0.9198727823503857,0.9198727823503857
official_netherlands,30,30,0.6811728801476847,0.6871589337123911
official_new_caledonia_noumea,10,10,0.6914344685242518,0.7120743034055728
official_newzealand,30,30,0.787280618090148,0.7888865536379845
official_north_macedonia,10,10,0.9556146205183921,0.968102979978271
official_northern_ireland,30,30,0.7641307071566192,0.7729122411540871
official_norway,30,30,0.803119479840365,0.8156557376209045
official_paraguay,10,10,0.8207086665247663,0.8207086665247663
official_philippines,10,10,0.5336592465767444,0.5336592465767444
official_poland,30,30,0.8155649709224769,0.8189413746787455
official_portugal,20,20,0.8270941786210184,0.8332485624141265
official_russia_moscow,29,30,0.8704213266627411,0.8776093215518995
official_scotland,30,30,0.8450376962342685,0.8457893056656298
official_slovakia,30,30,0.8718625514375987,0.8729186121994889
official_slovenia,30,30,0.8778194688770355,0.8808190734876998
official_southafrica,10,10,0.6952742399101763,0.7190406837390811
official_southkorea,30,30,0.8439079454538903,0.846119442397544
official_spain,30,30,0.8926887252159609,0.8926887252159608
official_spain_basque_country,10,10,0.640086406140428,0.640086406140428
official_spain_basque_country_top100,30,30,0.729628190049623,0.730251246616614
official_spain_catalonia,30,30,0.672282608901091,0.684073604084899
official_spain_valencian_community,10,10,0.7493875846384096,0.7558109625976034
official_sweden,30,30,0.7485818328705784,0.7525161263133479
official_switzerland,30,29,0.8665081667271308,0.8672938721215795
official_switzerland_french_region,28,29,0.7693436026134741,0.784999412771902
official_switzerland_geneva,28,29,0.7845742862701998,0.7995456529398464
official_switzerland_italian_region,30,30,0.6745023745545697,0.6738579906822092
official_switzerland_zurich,30,29,0.7666073312236287,0.7687829641350211
official_switzerland_zurich_canton,30,29,0.8690307380327604,0.8716944547380109
official_taiwan,30,30,0.8854848847877932,0.8847111422213066
official_turkey,20,23,0.5864262715888919,0.5869751781123616
official_turkey_isimanlam_top500,30,30,0.7730251054392279,0.7736427244263668
official_uruguay,20,20,0.8893929653028163,0.891628441101701
official_uruguay_montevideo,30,30,0.868186488241143,0.8689660860606719
official_us_california,26,25,0.7679169189812188,0.7709918214549631
official_us_newyork_city,30,30,0.8377654417588638,0.8386462645989667
official_us_newyork_state,30,30,0.8562255141966125,0.8574711801750207
official_usa,30,30,0.782513707795334,0.7833100538391933
official_uzbekistan,10,10,0.8543278229762281,0.8868333698411255
