term,coef,odds_ratio_per_sd,abs_coef
pf_son,-1.2060898481166111,0.299365558669794,1.2060898481166111
pf_strid,-0.811200833622965,0.44432418631420056,0.811200833622965
pf_nas,0.7355614619692018,2.0866532401059983,0.7355614619692018
pf_round,0.7161700271198126,2.0465798358690606,0.7161700271198126
pf_cons,0.4142081869127672,1.513172116726342,0.4142081869127672
pf_cont,0.38436160134054265,1.4686764210374508,0.38436160134054265
pf_lo,-0.3189314589625416,0.7269253718180146,0.3189314589625416
pf_cor,-0.26495352088804075,0.7672416098558138,0.26495352088804075
pf_lab,-0.2413197817874061,0.7855903687243945,0.2413197817874061
n_chars,-0.23771167120474185,0.7884299853922837,0.23771167120474185
n_phones,0.18160955584091384,1.1991459029513891,0.18160955584091384
pf_syl,-0.1781273485650675,0.8368358468584272,0.1781273485650675
prop_vowel,-0.1781273485650675,0.8368358468584272,0.1781273485650675
pf_back,0.13823171561571798,1.1482415849566445,0.13823171561571798
pf_lat,0.12772538667935215,1.1362409329541128,0.12772538667935215
pf_ant,0.08356181655316049,1.0871524172309532,0.08356181655316049
pf_voi,-0.07409491996313013,0.9285835485417883,0.07409491996313013
pf_distr,-0.06585556866993285,0.9362660806819719,0.06585556866993285
pf_tense,-0.05456293982505708,0.9468989093305528,0.05456293982505708
pf_delrel,-0.03487766398414259,0.9657235518030504,0.03487766398414259
pf_hi,-0.009518313962039232,0.9905268418058079,0.009518313962039232
pf_long,-0.006892190177650744,0.9931315064931642,0.006892190177650744
year_centered,0.0,1.0,0.0
