country,d,mean_F,mean_M,nF,nM,GGI,lang
Iceland,0.006081669505377,0.7606478241046682,0.7599197548679181,2069.0,2404.0,0.9118,Germanic
Denmark,0.2448728328932008,0.7650610883296765,0.7333514033588596,1576.0,1637.0,0.8889,Germanic
Finland,0.4108332529689489,0.8311756702693682,0.7698224387604857,9616.0,7312.0,0.875,Finno-Ugric
Norway,0.3890576526429437,0.7952026780001827,0.7337172692591147,1042.0,932.0,0.8749,Germanic
New Zealand,0.4306286727195457,0.7795219199178144,0.7098287726141607,1705.0,1314.0,0.8347,Germanic
Sweden,0.4184272080456132,0.8161734178519893,0.7537063470869524,7000.0,6311.0,0.8156,Germanic
Bangladesh,0.1688461558851533,0.7410126965168761,0.723756645483,3000.0,3000.0,0.8148,Indo-Aryan
Germany,0.4233883469964259,0.8283528820159836,0.762797595464026,2805.0,2824.0,0.8097,Germanic
Ireland,0.3503944317819421,0.7823168054650014,0.7287975868999237,1138.0,1095.0,0.8021,Celtic
Spain,0.3905097272452984,0.7630094272735173,0.7063807394600443,3000.0,3000.0,0.7975,Romance
Belgium-Flemish,0.317435335666596,0.8074859623898782,0.7557039599605312,2758.0,2549.0,0.793,Germanic
Belgium-Walloon,0.3043651748352812,0.8201202814121029,0.7699674676666434,1614.0,1456.0,0.793,Romance
Wales,0.4420610795847997,0.798043646079199,0.7293360776170236,21171.0,18014.0,0.792,Germanic
Scotland,0.4135324588189524,0.7914664698191188,0.7255612329017864,3624.0,2493.0,0.792,Germanic
Philippines,0.4971013694726256,0.7947916983087134,0.7224559951260631,3025.0,2205.0,0.7913,Austronesian
England,0.3849129058226199,0.7337339105339106,0.6671337366337365,3000.0,3000.0,0.7893,Germanic
France,0.2958674851747778,0.7936983340307212,0.7462133518216485,28002.0,23648.0,0.7809,Romance
Australia,0.3929637395483636,0.7668655644817014,0.704167861923886,409.0,332.0,0.7799,Germanic
Netherlands,0.3224170797440032,0.7906719776757584,0.7392916012934988,529.0,527.0,0.7745,Germanic
Slovenia,0.3190044140522073,0.728589100439334,0.680151719167466,3135.0,4832.0,0.7742,Slavic
Portugal,0.2524387879348433,0.74294682790784,0.7133368295336221,2471.0,3165.0,0.7718,Romance
South Africa,0.3652068775918011,0.797706066876218,0.756371424659356,12338.0,15122.0,0.7682,Germanic
Mexico,0.377919042820833,0.74818359648696,0.6950723569110181,8061.0,8461.0,0.762,Romance
Canada,0.4174411799347384,0.7823842602677564,0.7162632038487768,11167.0,8816.0,0.7608,Germanic
Israel,0.0861721896343075,0.7384614114062604,0.7235456682747115,961.0,1181.0,0.753,Semitic
USA,0.3313207077032516,0.7674680202825378,0.718658675039781,71188.0,44511.0,0.7465,Germanic
Uruguay,0.4571401385997199,0.782191405027449,0.7255446091104878,1859.0,1611.0,0.7461,Romance
Albania,0.3167607747606794,0.7522832117059626,0.7090645029159587,3133.0,5784.0,0.7454,Albanian
Austria,0.4120997218171999,0.8021155232150468,0.7417311343760603,12575.0,11522.0,0.7433,Germanic
Lithuania,0.5412985101077622,0.7126952846132508,0.6411603141897871,4339.0,5141.0,0.743,Baltic
Estonia,0.5726666379802384,0.7843757266223417,0.7033111192030218,1934.0,1792.0,0.7421,Finno-Ugric
Poland,0.2795974982171065,0.7870884721470659,0.7440584398131568,2304.0,4134.0,0.74,Slavic
Jamaica,0.0535057659918167,0.7079364763140545,0.7003858603180516,3696.0,3149.0,0.7378,Creole
Ecuador,0.1462754591519162,0.7157363807685415,0.6973726593758751,2079.0,2783.0,0.7354,Romance
Singapore,0.2910791570738568,0.7810778507207079,0.7392306427147273,3276.0,4766.0,0.7346,Creole
Chile,0.2991864747092458,0.7437654589387934,0.7097562147178187,5205.0,5658.0,0.731,Romance
Bolivia,0.1432636621450551,0.7376447393971943,0.7192783534841289,2445.0,3348.0,0.7273,Romance
Bulgaria,0.2099640753018233,0.7136960016216918,0.6822019311112483,4238.0,4719.0,0.7264,Slavic
Argentina,0.4039319242629917,0.7693304539958951,0.7153456724390161,3000.0,3000.0,0.7248,Romance
Panama,0.1439228395312898,0.7477972924074389,0.7293203164305276,3086.0,1303.0,0.7239,Romance
Peru,0.2182511060473521,0.7411073856505174,0.7142607488523001,6026.0,8379.0,0.719,Romance
Kazakhstan,0.3882968180950554,0.774243450993451,0.7191809264809266,3000.0,3000.0,0.7189,Turkic
Colombia,0.3846102250075498,0.7695970396282648,0.720944063739779,12774.0,13269.0,0.718,Romance
Serbia,0.2294373568109338,0.7122601813239572,0.6787548748257197,3055.0,6231.0,0.717,Slavic
Russia,0.4216514477924966,0.7647269024834815,0.6971720418470417,3000.0,3000.0,0.708,Slavic
Malaysia,0.4899691089842157,0.7974386306337982,0.7258285365264746,8891.0,12125.0,0.706,Austronesian
Brazil,0.3211305474079012,0.7735244105567634,0.7307376361383716,3000.0,3000.0,0.7053,Romance
Italy,0.389851542517776,0.7661082114495745,0.7121126320513509,6907.0,10767.0,0.7033,Romance
Croatia,0.3274385941428075,0.7193886489729895,0.6712100351989408,3174.0,4948.0,0.702,Slavic
Indonesia,0.3425100480814624,0.754350272370057,0.7095844467009454,2031.0,4308.0,0.6978,Austronesian
El Salvador,0.1299805164298729,0.7157589998962548,0.7000005065014309,225.0,247.0,0.6974,Romance
Georgia,0.2154489197917801,0.7225925976845409,0.6972958859449427,3000.0,3000.0,0.693,Kartvelian
Greece,0.1412079656319134,0.5869733089898636,0.5478689041030419,1583.0,2197.0,0.687,Hellenic
Czech Republic,0.2708139210810951,0.6776610096946679,0.6379633226592132,3664.0,3444.0,0.6839,Slavic
Azerbaijan,0.2423104323495017,0.7258164235460456,0.6918861614378073,1979.0,4830.0,0.6826,Turkic
Hungary,0.2285453697725434,0.6693830645129398,0.6344220969967138,3000.0,3000.0,0.6821,Finno-Ugric
South Korea,0.4427794001531449,0.8119488570859844,0.7460285714285715,2988.0,3000.0,0.68,Koreanic
Ethiopia,0.0626350052107946,0.8090752034571818,0.8027901791976085,1202.0,3000.0,0.678,Semitic
Ghana,0.5869925884179453,0.7879179965817453,0.7079142153594105,1942.0,4567.0,0.677,Niger-Congo
Palestine,0.2949537179715105,0.7557183035201408,0.6994651802578632,2286.0,2214.0,0.6737,Semitic
Guatemala,0.2543724820377511,0.7540974235013531,0.7210275610159694,1464.0,2536.0,0.6545,Romance
Japan,0.0865076572959385,0.812992166374378,0.8049574030925852,3000.0,3000.0,0.6473,Japonic
India,0.348626992498459,0.8296481217813262,0.7971854841509254,3000.0,3000.0,0.644,Indo-Aryan
Turkey,0.1658753773761426,0.7266486816449618,0.703530293639592,3000.0,3000.0,0.638,Turkic
Nigeria,0.1760148470069198,0.7455394366917804,0.7204723344762196,3840.0,11475.0,0.6292,Niger-Congo
Tunisia,0.3057738692502127,0.7980649915869199,0.747010809973773,2987.0,2997.0,0.629,Semitic
Algeria,0.3055412859639267,0.7722470480534996,0.716040611776593,2976.0,2996.0,0.6278,Semitic
Saudi Arabia,0.3743844969872443,0.7750381378534759,0.7059951785696181,2973.0,2989.0,0.6209,Semitic
Kuwait,0.3820002401066221,0.8055063540808789,0.7448083999334,2999.0,3000.0,0.6193,Semitic
Egypt,0.4737738131997875,0.745548783532162,0.6486278208358126,2948.0,2928.0,0.611,Semitic
Cameroon,0.31748891674457,0.7303346986972535,0.682830044131414,3194.0,5694.0,0.6101,Romance
Angola,0.2983834577903176,0.7315381678033613,0.6963313041558552,2905.0,5151.0,0.6069,Romance
Libya,0.3024889396381627,0.7168376344247936,0.6586196707809057,2897.0,2915.0,0.6036,Semitic
Morocco,0.3649235940750746,0.7834601562344143,0.7181540487290488,2999.0,3000.0,0.6,Semitic
Lebanon,0.3910851031985216,0.7668171305462901,0.7007969767024094,2939.0,2982.0,0.5992,Semitic
Iran,0.0557244942997447,0.7271645308146659,0.7211656782285284,3000.0,3000.0,0.5775,Indo-Iranian
Sudan,0.4633729213990832,0.7122921956638364,0.6245916369433466,2828.0,2866.0,0.5665,Semitic
Syria,0.4569516612603993,0.755307449611247,0.6684556588238825,2923.0,2933.0,0.5644,Semitic
Jordan,0.4683788157005711,0.7451769145008297,0.6578979015154596,2973.0,2973.0,0.5632,Semitic
Iraq,0.2760884808627478,0.7153107786194038,0.6615703238950471,2968.0,2981.0,0.5472,Semitic
UAE,0.3118150986592178,0.7951106011346976,0.7471748358521906,996.0,998.0,0.712,Semitic
Bahrain,0.1896079166375003,0.7797319578569579,0.7502417533763099,960.0,981.0,0.666,Semitic
Oman,0.2248617727039395,0.76820720973865,0.7295006092685203,986.0,991.0,0.614,Semitic
Qatar,0.348836401009742,0.7990237379126267,0.7448291125541125,999.0,1000.0,0.627,Semitic
Yemen,0.565745027072006,0.709078708896607,0.6012537258451457,961.0,979.0,,Semitic
Costa Rica,0.3564788024017757,0.7625095525389642,0.7111616189366189,1000.0,1000.0,0.793,Romance
Honduras,0.0400893257117744,0.732316143682778,0.7274728644893118,940.0,1000.0,0.735,Romance
Moldova,0.2552778323553585,0.7088484370317385,0.6681911521032712,998.0,996.0,0.788,Romance
Switzerland,0.3814363861933529,0.7706778388278388,0.7138085594960595,1000.0,1000.0,0.783,Germanic
Belgium,0.289917658443907,0.779825111000111,0.7344863913863915,1000.0,1000.0,0.796,Germanic
Luxembourg,0.2279968277519968,0.7241633749334171,0.6890397426919485,1000.0,1000.0,0.747,Germanic
Malta,0.3791049879150653,0.7757405878896254,0.7265211208596266,999.0,1000.0,0.713,Semitic
Cyprus,0.5912537959032723,0.8104377520777112,0.7440354743786102,1000.0,1000.0,0.678,Hellenic
Turkmenistan,0.2669510608889796,0.7359148675860859,0.7088111723755375,1000.0,1000.0,,Turkic
Brunei,0.3255201849825694,0.7713804788465504,0.7208690365190366,1000.0,1000.0,0.693,Austronesian
Fiji,0.3599235969147621,0.7509489326235135,0.6981498679702881,607.0,808.0,0.65,Austronesian
Haiti,0.2860309678549256,0.6745320925448004,0.6338920250501132,1000.0,1000.0,,Creole
Mauritius,0.256643722714229,0.6842724650349651,0.6470053418803418,1000.0,1000.0,0.689,Creole
Namibia,0.4403983248755559,0.7798378624643331,0.7183854922854923,1000.0,1000.0,0.802,Niger-Congo
Botswana,0.1810499339902406,0.7102124036094624,0.6840719801440389,1000.0,1000.0,0.719,Niger-Congo
Burkina Faso,0.1407121129634118,0.6578935034452313,0.6379333831589654,406.0,1000.0,0.676,Niger-Congo
Burundi,0.2584175460297063,0.6727812964469311,0.635778520963041,1000.0,1000.0,0.763,Niger-Congo
Djibouti,0.1749296738298557,0.8295598775044035,0.8131567419982794,1000.0,1000.0,,Semitic
Cambodia,0.2586631304832723,0.7777564830756319,0.7351174493347397,141.0,340.0,0.695,Austroasiatic
Afghanistan,0.0205546247692824,0.726773217791724,0.7236172272172273,1000.0,1000.0,0.405,Indo-Iranian
