iso3,country,GII_2023,GII_year,SIGI_2023
AFG,Afghanistan,0.661,,
AGO,Angola,0.515,,0.259
ALB,Albania,0.107,,0.089
ARE,UAE,0.04,,
ARG,Argentina,0.264,,0.177
AUS,Australia,0.056,,0.154
AUT,Austria,0.033,,0.098
AZE,Azerbaijan,0.315,,0.298
BDI,Burundi,0.501,,0.407
BEL,Belgium,0.031,,0.074
BFA,Burkina Faso,0.555,,0.254
BGD,Bangladesh,0.487,,0.493
BGR,Bulgaria,0.208,,0.189
BHR,Bahrain,0.165,,
BOL,Bolivia,0.419,,0.206
BRA,Brazil,0.39,,0.216
BRN,Brunei,0.257,,
BWA,Botswana,0.49,,0.315
CAN,Canada,0.052,,0.175
CHE,Switzerland,0.01,,0.099
CHL,Chile,0.102,,0.272
CMR,Cameroon,0.558,,0.669
COL,Colombia,0.393,,0.235
CRI,Costa Rica,0.217,,0.109
CYP,Cyprus,0.252,,
CZE,Czech Republic,0.088,,0.15
DEU,Germany,0.057,,0.124
DJI,Djibouti,0.481,,
DNK,Denmark,0.003,,0.152
DZA,Algeria,0.443,,
ECU,Ecuador,0.358,,0.17
EGY,Egypt,0.398,,0.546
ESP,Spain,0.043,,0.09
EST,Estonia,0.061,,0.131
ETH,Ethiopia,0.497,,0.308
FIN,Finland,0.021,,0.121
FJI,Fiji,0.35,,
FRA,France,0.034,,0.101
GBR,United Kingdom,0.083,,0.12
GEO,Georgia,0.257,,0.276
GHA,Ghana,0.514,,0.382
GRC,Greece,0.103,,0.189
GTM,Guatemala,0.48,,0.257
HND,Honduras,0.437,,0.26
HRV,Croatia,0.074,,0.169
HTI,Haiti,0.618,,0.464
HUN,Hungary,0.213,,0.152
IDN,Indonesia,0.423,,0.446
IND,India,0.403,,0.43
IRL,Ireland,0.054,,0.143
IRN,Iran,0.482,,0.629
IRQ,Iraq,0.558,,0.6
ISL,Iceland,0.024,,
ISR,Israel,0.08,,0.316
ITA,Italy,0.043,,0.092
JAM,Jamaica,0.358,,0.184
JOR,Jordan,0.433,,0.585
JPN,Japan,0.059,,0.329
KAZ,Kazakhstan,0.182,,0.209
KHM,Cambodia,0.506,,0.217
KOR,South Korea,0.038,,0.198
KWT,Kuwait,0.188,,
LBN,Lebanon,0.36,,0.571
LBY,Libya,0.253,,
LTU,Lithuania,0.07,,0.123
LUX,Luxembourg,0.044,,
MAR,Morocco,0.438,,0.493
MDA,Moldova,0.146,,0.11
MEX,Mexico,0.358,,0.219
MLT,Malta,0.111,,0.194
MUS,Mauritius,0.352,,
MYS,Malaysia,0.172,,0.607
NAM,Namibia,0.448,,0.276
NGA,Nigeria,0.677,,0.395
NLD,Netherlands,0.013,,0.095
NOR,Norway,0.004,,0.067
NZL,New Zealand,0.082,,0.14
OMN,Oman,0.222,,
PAN,Panama,0.374,,0.152
PER,Peru,0.34,,0.186
PHL,Philippines,0.351,,0.497
POL,Poland,0.081,,0.185
PRT,Portugal,0.076,,0.095
QAT,Qatar,0.195,,0.601
RUS,Russia,0.169,,
SAU,Saudi Arabia,0.228,,0.592
SDN,Sudan,0.588,,0.646
SGP,Singapore,0.031,,0.45
SLV,El Salvador,0.362,,0.196
SRB,Serbia,0.117,,0.147
SVN,Slovenia,0.042,,0.176
SWE,Sweden,0.007,,0.088
SYR,Syria,0.49,,
TKM,Turkmenistan,,NA,
TUN,Tunisia,0.238,,0.465
TUR,Turkey,0.227,,0.24
URY,Uruguay,0.218,,0.194
USA,United States,0.169,,0.191
YEM,Yemen,0.838,,
ZAF,South Africa,0.388,,0.23
