name,sex,count
Mia,F,877
Aria,F,847
Maia,F,794
Aroha,F,564
Anahera,F,370
Manaia,F,352
Kaia,F,287
Amaia,F,253
Moana,F,244
Atarangi,F,182
Marama,F,160
Kora,F,151
Nina,F,148
Ataahua,F,131
Tui,F,104
Ariana,F,100
Aurora,F,86
Rangimarie,F,54
Kiara,F,52
Rangi,F,49
Amara,F,44
Maria,F,43
Kahurangi,F,35
Tiana,F,20
Naomi,F,12
Hei,F,8
Ka,F,8
Keira,F,8
Nikau,M,563
Mikaere,M,406
Ariki,M,390
Manaia,M,333
Wiremu,M,297
Koa,M,269
Ari,M,265
Manaaki,M,239
Rawiri,M,199
Mateo,M,128
Kiwa,M,127
Te Ariki,M,122
Kahurangi,M,109
Kauri,M,84
Kai,M,83
Rāwiri,M,80
Ihaia,M,74
Niko,M,70
Rangi,M,70
Taika,M,47
Kaitoa,M,45
Keanu,M,44
Kairo,M,27
Tane,M,21
Hemi,M,16
