name,reading,people_M,people_F,people_unknown,example_articles
伊織,いおり,8,9,0,関口伊織 / 野水伊織 / 宮本伊織
凛,りん,0,13,0,緒沢凛 / 桜木凛 / 飛鳥凛
凛,まりん,0,1,0,坂本真凛
凜,りん,2,17,0,水本凜 / みきもと凜 / 大河凜
凜,かりん,0,2,0,樹花凜 / 礒部花凜
凜,まりん,0,1,0,宮澤茉凜
凜,せり,0,1,0,城星凜
咲良,さくら,0,16,0,宮島咲良 / 宮脇咲良 / 橘咲良
咲良,さら,0,1,0,齋藤咲良
大和,やまと,1,0,0,金城大和
大翔,ひろと,10,0,0,伊藤大翔 / 畑尾大翔 / 呉屋大翔
大翔,たいしょう,3,0,0,橋本大翔 / 玉井大翔 / 前田大翔
大翔,はると,1,0,0,桜庭大翔
大翔,やまと,1,0,0,森大翔
心春,こはる,0,3,0,鈴木心春 / 水樹心春 / 寺田心春
心結,みゆ,0,4,0,谷岡心結 / 渡邉心結 / 柚木心結
心結,ここな,0,1,0,安保心結
悠,ゆう,6,2,0,浅川悠 / 阿久悠 / 藤木悠
悠,ひさし,1,0,0,吉沢悠
悠,はるか,0,3,0,梅田悠 / 加藤悠 / 社本悠
悠,みゆ,0,1,0,村島未悠
悠人,ゆうと,8,0,1,田尻悠人 / 岩崎悠人 / 大牟田悠人
悠人,ゆうじん,1,0,0,福井悠人
悠人,はるひと,1,0,0,石川悠人
悠斗,ゆうと,15,0,0,中村悠斗 / 堀米悠斗 / 小野悠斗
悠真,ゆうま,4,0,3,小坂悠真 / 吉田悠真 / 赤木悠真
悠真,ゆうみ,0,1,0,伊藤悠真
悠翔,ゆうぞう,1,0,0,山本悠翔
悠翔,ゆうと,1,0,0,川島悠翔
朝陽,あさひ,3,1,0,内田朝陽 / 山本朝陽 / 水野朝陽
杏,あん,0,8,0,中原杏 / 南波杏 / ましろ杏
杏,りりあ,0,1,0,小島梨里杏
杏,きょう,1,1,0,八百屋杏 / 吉田杏
杏,あんず,0,1,0,春野杏
杏,みあ,0,1,0,咲坂実杏
杏,りあん,0,2,0,星月梨杏 / 戸田梨杏
杏,みあん,0,0,1,川原美杏
杏奈,あんな,0,23,0,赤沼杏奈 / 鉢嶺杏奈 / 石橋杏奈
楓,かえで,2,7,0,大瀬楓 / 橋本楓 / 本渡楓
楓,はるか,1,0,0,山田遥楓
楓,さやか,0,1,0,原田彩楓
楓,ふう,0,1,0,薮下楓
楓,ことか,0,1,0,瀬戸琴楓
楓,もえか,0,1,0,尾上萌楓
楓,すずか,0,1,0,石川涼楓
樹,たつる,1,0,0,内田樹
樹,たつき,1,0,0,町田樹
樹,ひろき,1,0,0,鈴木拡樹
樹,けんき,1,0,0,福岡堅樹
樹,じゅり,1,0,0,田中樹
湊,みなと,1,0,0,川村湊
澪,みお,0,13,0,片桐澪 / 麻生澪 / 高樹澪
澪,れい,1,2,0,工藤澪 / 中野澪 / 石神澪
琉生,るい,2,0,0,三塚琉生 / 揚石琉生
琉生,りゅう,1,0,0,岩田琉生
琉生,りゅうせい,1,0,0,藤田琉生
琴音,ことね,0,12,1,天元琴音 / 相崎琴音 / 雨宮琴音
碧,あお,0,1,0,高梁碧
碧,みどり,0,2,0,葛岡碧 / 金沢碧
碧,あおい,1,3,0,諸橋碧 / 悠木碧 / 玉木碧
紬,つむぎ,0,3,1,畠山紬 / 三谷紬 / 日向紬
結愛,ゆあ,0,8,1,倉持結愛 / 林結愛 / ふわり結愛
結愛,ゆめ,0,2,0,川端結愛 / 野崎結愛
結愛,ゆら,0,1,0,堰沢結愛
結愛,ゆうあ,0,2,0,内山結愛 / 森結愛
結愛,ゆい,0,1,0,坂本結愛
結月,ゆづき,0,2,0,渡瀬結月 / 平川結月
結菜,ゆいな,0,7,0,黒島結菜 / 三田結菜 / 出口結菜
結菜,ゆな,0,1,0,葉月結菜
結衣,ゆい,0,19,0,牧尾結衣 / 與那覇結衣 / 南結衣
美咲,みさき,0,20,0,竹井美咲 / 大畠美咲 / 米村美咲
美月,みつき,0,4,0,杏美月 / 谷村美月 / 中村美月
美月,みづき,0,10,0,山本美月 / 小松美月 / 長沢美月
美月,みずき,0,1,0,神尾美月
美桜,みおう,0,2,0,和音美桜 / 林美桜
美桜,みお,0,16,0,佐倉美桜 / 大亀美桜 / 宮武美桜
美羽,みわ,0,4,0,酒井美羽 / 椋木美羽 / 藤本美羽
美羽,みは,0,1,0,田中美羽
美羽,みう,0,15,0,山口美羽 / 相沢美羽 / 藤澤美羽
翔,しょう,10,1,0,哀川翔 / 富田翔 / 西野翔
翔,まこと,1,0,0,大石真翔
翔,かずと,1,0,0,井岡一翔
翔,ふうと,1,0,0,髙橋楓翔
翔,かける,1,0,0,舩木翔
翔太,しょうた,25,0,0,松田翔太 / 渡辺翔太 / 蒼井翔太
翔太,しょう,1,0,0,北野翔太
花,はな,0,2,0,杉咲花 / 豊嶋花
花,いちか,0,1,0,尾碕真花
花音,かのん,0,14,0,鳥居花音 / 七海花音 / 谷花音
芽依,めい,1,15,1,三浦芽依 / 芦川芽依 / 佳波芽依
芽生,めお,0,1,0,齋藤芽生
芽生,めい,0,9,1,庄司芽生 / 中島芽生 / 稲垣芽生
芽生,めぐみ,0,2,0,佐々木芽生 / 川野芽生
芽生,めいく,0,1,0,春川芽生
芽生,めう,0,1,0,二宮芽生
莉央,りお,1,9,0,菅野莉央 / 神風莉央 / 川上莉央
莉子,りこ,0,21,0,茶山莉子 / 真中莉子 / 川瀬莉子
莉子,のりこ,0,1,0,安藤典莉子
莉子,えりこ,0,1,0,橋本絵莉子
葵,まもる,1,0,0,重光葵
葵,あおい,1,7,0,多田葵 / 手嶌葵 / 川島葵
葵,みずき,0,1,0,山内瑞葵
蒼,あおい,2,1,0,中村蒼 / 市川蒼 / 伊東蒼
蒼,あお,1,0,0,渡邉蒼
蒼空,そら,2,1,0,泉水蒼空 / 西村蒼空 / 中野蒼空
蓮,れん,12,2,0,八神蓮 / 花藤蓮 / 加治屋蓮
陸,りく,8,1,0,恩田陸 / 三条陸 / 上原陸
陽,よう,1,0,0,津本陽
陽,あきら,2,0,0,戸澤陽 / 稲葉陽
陽,あき,0,1,0,出口陽
陽向,ひなた,3,1,1,五十嵐陽向 / 田所陽向 / 小西陽向
陽向,ひゅうが,1,0,0,渡辺陽向
陽大,ようだい,1,0,0,榎下陽大
陽大,あきひろ,2,0,0,古野陽大 / 北川陽大
陽大,はると,1,0,0,高橋陽大
陽太,ようた,17,0,2,平泉陽太 / 安西陽太 / 秋元陽太
陽太,ひなた,2,0,0,柊木陽太 / 小倉陽太
陽斗,はると,5,0,0,白井陽斗 / 草野陽斗 / 庄司陽斗
陽翔,はると,6,0,0,山田陽翔 / 坂井陽翔 / 田中陽翔
陽菜,はるな,0,7,0,鳴海陽菜 / 小嶋陽菜 / 野呂陽菜
陽菜,ひな,0,13,0,芽育陽菜 / 前田陽菜 / 小田垣陽菜
陽菜,はな,0,1,0,吉田陽菜
陽葵,はるき,0,1,0,岩田陽葵
陽葵,ひまり,0,1,0,乙陽葵
陽葵,ひより,0,1,0,玉置陽葵
颯,はやて,12,1,0,宇月颯 / 梶原颯 / 武颯
颯,そう,1,0,1,水上颯 / 新家颯
颯,ちはや,0,1,0,吉武千颯
颯太,そうた,18,0,1,中島颯太 / 川﨑颯太 / 荒井颯太
颯太,はやた,1,0,0,水野颯太
颯真,そうま,3,0,1,水谷颯真 / 石見颯真 / 佐藤颯真
