source,espeak_voice,rows_before_filter,unique_names_before_filter,weighted_count_before_filter,artifact_rate,artifact_rate_weighted,language_switch_rate_weighted,chinese_letter_artifact_rate_weighted,spelled_out_artifact_rate_weighted,drop_source,rows_after_filter,unique_names_after_filter,weighted_count_after_filter
official_albania,sq,20,20,3670.0,0.0,0.0,0.0,0.0,0.0,False,20,20,3670.0
official_argentina,es,17,17,1853273.0,0.0,0.0,0.0,0.0,0.0,False,17,17,1853273.0
official_argentina_buenos_aires,es,60,60,3195.0,0.0,0.0,0.0,0.0,0.0,False,60,60,3195.0
official_armenia,hy,23,23,35788.0,0.0,0.0,0.0,0.0,0.0,False,23,23,35788.0
official_australia,en,60,60,12786.0,0.0,0.0,0.0,0.0,0.0,False,60,60,12786.0
official_australia_new_south_wales,en,12,12,104970.0,0.0,0.0,0.0,0.0,0.0,False,12,12,104970.0
official_australia_queensland,en,12,12,41366.0,0.0,0.0,0.0,0.0,0.0,False,12,12,41366.0
official_australia_south_australia,en,11,11,27746.0,0.0,0.0,0.0,0.0,0.0,False,11,11,27746.0
official_australia_victoria,en,9,9,26389.0,0.0,0.0,0.0,0.0,0.0,False,9,9,26389.0
official_austria,de,14,14,100659.0,0.0,0.0,0.0,0.0,0.0,False,14,14,100659.0
official_austria_vienna,de,12,12,8166.0,0.0,0.0,0.0,0.0,0.0,False,12,12,8166.0
official_azerbaijan,az,12,12,101476.0,0.0,0.0,0.0,0.0,0.0,False,12,12,101476.0
official_belgium,nl,60,60,158379.0,0.0,0.0,0.0,0.0,0.0,False,60,60,158379.0
official_bosnia_federation,hr,60,60,7437.0,0.0,0.0,0.0,0.0,0.0,False,60,60,7437.0
official_brazil,pt-br,60,60,63498591.0,0.0,0.0,0.0,0.0,0.0,False,60,60,63498591.0
official_bulgaria,bg,20,20,21515.0,0.0,0.0,0.0,0.0,0.0,False,20,20,21515.0
official_canada,en,19,19,188693.0,0.0,0.0,0.0,0.0,0.0,False,19,19,188693.0
official_canada_british_columbia,en,8,8,42180.0,0.0,0.0,0.0,0.0,0.0,False,8,8,42180.0
official_canada_new_brunswick,en,13,13,8778.0,0.0,0.0,0.0,0.0,0.0,False,13,13,8778.0
official_canada_nova_scotia,en,4,4,31891.0,0.0,0.0,0.0,0.0,0.0,False,4,4,31891.0
official_canada_ontario,en,9,9,191238.0,0.0,0.0,0.0,0.0,0.0,False,9,9,191238.0
official_canada_quebec,epitran:fra-Latn,32,32,56877.0,0.0,0.0,0.0,0.0,0.0,False,32,32,56877.0
official_china,pypinyin+dragonmapper,20,20,258500.0,0.0,0.0,0.0,0.0,0.0,False,20,20,258500.0
official_colombia,es,20,20,738136.0,0.0,0.0,0.0,0.0,0.0,False,20,20,738136.0
official_croatia,custom-hr-orthographic,60,60,15224.0,0.0,0.0,0.0,0.0,0.0,False,60,60,15224.0
official_curacao,pap,33,30,11676.0,0.0,0.0,0.0,0.0,0.0,False,33,30,11676.0
official_czech,cs,60,60,60.0,0.0,0.0,0.0,0.0,0.0,False,60,60,60.0
official_czech_mv,cs,60,60,60.0,0.0,0.0,0.0,0.0,0.0,False,60,60,60.0
official_denmark,da,60,60,62087.0,0.0,0.0,0.0,0.0,0.0,False,60,60,62087.0
official_dominican_republic,es,30,30,8751.0,0.0,0.0,0.0,0.0,0.0,False,30,30,8751.0
official_england,en,60,60,410040.0,0.0,0.0,0.0,0.0,0.0,False,60,60,410040.0
official_estonia,et,60,60,1719.0,0.0,0.0,0.0,0.0,0.0,False,60,60,1719.0
official_estonia_population_top100,et,60,60,322963.0,0.0,0.0,0.0,0.0,0.0,False,60,60,322963.0
official_faroe_islands,fo,24,24,665.0,0.0,0.0,0.0,0.0,0.0,False,24,24,665.0
official_finland,fi,60,60,1498940.0,0.0,0.0,0.0,0.0,0.0,False,60,60,1498940.0
official_finland_finnish_children_2024,fi,60,60,10781.0,0.0,0.0,0.0,0.0,0.0,False,60,60,10781.0
official_france,fr,54,54,1941125.0,0.0,0.0,0.0,0.0,0.0,False,54,54,1941125.0
official_france_angers,epitran:fra-Latn,25,25,2642.0,0.0,0.0,0.0,0.0,0.0,False,25,25,2642.0
official_france_nantes,epitran:fra-Latn,20,20,3926.0,0.0,0.0,0.0,0.0,0.0,False,20,20,3926.0
official_france_orleans,epitran:fra-Latn,15,15,7200.0,0.0,0.0,0.0,0.0,0.0,False,15,15,7200.0
official_france_paris,epitran:fra-Latn,11,11,18544.0,0.0,0.0,0.0,0.0,0.0,False,11,11,18544.0
official_france_saint_herblain,epitran:fra-Latn,20,20,2878.0,0.0,0.0,0.0,0.0,0.0,False,20,20,2878.0
official_france_toulouse,epitran:fra-Latn,60,60,84733.0,0.0,0.0,0.0,0.0,0.0,False,60,60,84733.0
official_french_polynesia_pirae_polynesian_names,custom-polynesian-orthographic,35,35,363.0,0.0,0.0,0.0,0.0,0.0,False,35,35,363.0
official_georgia,ka,40,40,1542006.0,0.0,0.0,0.0,0.0,0.0,False,40,40,1542006.0
official_germany_aachen,de,59,59,726.0,0.0,0.0,0.0,0.0,0.0,False,59,59,726.0
official_germany_berlin,de,18,18,25532.0,0.0,0.0,0.0,0.0,0.0,False,18,18,25532.0
official_germany_cologne,de,11,11,11376.0,0.0,0.0,0.0,0.0,0.0,False,11,11,11376.0
official_germany_essen,de,15,15,2533.0,0.0,0.0,0.0,0.0,0.0,False,15,15,2533.0
official_germany_leipzig,de,31,31,2290.0,0.0,0.0,0.0,0.0,0.0,False,31,31,2290.0
official_germany_muenster,de,15,15,4523.0,0.0,0.0,0.0,0.0,0.0,False,15,15,4523.0
official_germany_munich,de,60,60,51835.0,0.0,0.0,0.0,0.0,0.0,False,60,60,51835.0
official_greenland,kl,34,33,773.0,0.0,0.0,0.0,0.0,0.0,False,34,33,773.0
official_greenland_greenlandic_names,kl,29,29,411.0,0.0,0.0,0.0,0.0,0.0,False,29,29,411.0
official_hungary,hu,60,60,76743.0,0.0,0.0,0.0,0.0,0.0,False,60,60,76743.0
official_iceland,is,60,60,1294.0,0.0,0.0,0.0,0.0,0.0,False,60,60,1294.0
official_indonesia,id,20,20,14289.0,0.0,0.0,0.0,0.0,0.0,False,20,20,14289.0
official_iran,fa,60,60,573810.0,0.0,0.0,0.0,0.0,0.0,False,60,60,573810.0
official_ireland,en,8,8,117900.0,0.0,0.0,0.0,0.0,0.0,False,8,8,117900.0
official_italy,it,10,10,564198.0,0.0,0.0,0.0,0.0,0.0,False,10,10,564198.0
official_japan,ja,1,1,244.0,0.0,0.0,0.0,0.0,0.0,False,1,1,244.0
official_kazakhstan,kk,15,15,275390.0,0.0,0.0,0.0,0.0,0.0,False,15,15,275390.0
official_kazakhstan_kazakh,kk,60,60,102230.0,0.0,0.0,0.0,0.0,0.0,False,60,60,102230.0
official_kyrgyzstan,ky,20,20,29315.0,0.0,0.0,0.0,0.0,0.0,False,20,20,29315.0
official_latvia,lv,60,60,5995.0,0.0,0.0,0.0,0.0,0.0,False,60,60,5995.0
official_lithuania,lt,60,60,2054102.0,0.0,0.0,0.0,0.0,0.0,False,60,60,2054102.0
official_mexico_city,es,11,11,283292.0,0.0,0.0,0.0,0.0,0.0,False,11,11,283292.0
official_netherlands,nl,60,60,107836.0,0.0,0.0,0.0,0.0,0.0,False,60,60,107836.0
official_new_caledonia_noumea,epitran:fra-Latn,27,27,1727.0,0.0,0.0,0.0,0.0,0.0,False,27,27,1727.0
official_newzealand,en,60,60,8399.0,0.0,0.0,0.0,0.0,0.0,False,60,60,8399.0
official_newzealand_maori,mi,24,23,5968.0,0.0,0.0,0.0,0.0,0.0,False,24,23,5968.0
official_north_macedonia,mk,20,20,2497.0,0.0,0.0,0.0,0.0,0.0,False,20,20,2497.0
official_northern_ireland,en,17,17,18935.0,0.0,0.0,0.0,0.0,0.0,False,17,17,18935.0
official_norway,nb,60,60,71791.0,0.0,0.0,0.0,0.0,0.0,False,60,60,71791.0
official_paraguay,es,20,20,2510587.0,0.0,0.0,0.0,0.0,0.0,False,20,20,2510587.0
official_philippines,epitran:tgl-Latn,22,22,50824.0,0.0,0.0,0.0,0.0,0.0,False,22,22,50824.0
official_poland,pl,60,60,706983.0,0.0,0.0,0.0,0.0,0.0,False,60,60,706983.0
official_portugal,pt,16,16,113703.0,0.0,0.0,0.0,0.0,0.0,False,16,16,113703.0
official_russia,ru,10,10,199728.0,0.0,0.0,0.0,0.0,0.0,False,10,10,199728.0
official_russia_moscow,ru,15,15,157506.0,0.0,0.0,0.0,0.0,0.0,False,15,15,157506.0
official_scotland,en,60,60,36908.0,0.0,0.0,0.0,0.0,0.0,False,60,60,36908.0
official_slovakia,sk,10,10,66741.0,0.0,0.0,0.0,0.0,0.0,False,10,10,66741.0
official_slovenia,sl,60,60,6177.0,0.0,0.0,0.0,0.0,0.0,False,60,60,6177.0
official_southafrica,af,20,16,40603.0,0.0,0.0,0.0,0.0,0.0,False,20,16,40603.0
official_southkorea,ko,60,59,1175460.0,0.0,0.0,0.0,0.0,0.0,False,60,59,1175460.0
official_spain,es,60,60,15290442.0,0.0,0.0,0.0,0.0,0.0,False,60,60,15290442.0
official_spain_basque_country,es,19,19,7476.0,0.0,0.0,0.0,0.0,0.0,False,19,19,7476.0
official_spain_basque_country_top100,eu,30,30,5936.0,0.0,0.0,0.0,0.0,0.0,False,30,30,5936.0
official_spain_catalonia,ca,12,12,70964.0,0.0,0.0,0.0,0.0,0.0,False,12,12,70964.0
official_spain_valencian_community,ca,16,16,20068.0,0.0,0.0,0.0,0.0,0.0,False,16,16,20068.0
official_sweden,sv,60,60,141167.0,0.0,0.0,0.0,0.0,0.0,False,60,60,141167.0
official_switzerland,de,12,12,26555.0,0.0,0.0,0.0,0.0,0.0,False,12,12,26555.0
official_switzerland_french_region,epitran:fra-Latn,13,13,8464.0,0.0,0.0,0.0,0.0,0.0,False,13,13,8464.0
official_switzerland_geneva,epitran:fra-Latn,7,7,8980.0,0.0,0.0,0.0,0.0,0.0,False,7,7,8980.0
official_switzerland_italian_region,it,15,15,2400.0,0.0,0.0,0.0,0.0,0.0,False,15,15,2400.0
official_switzerland_zurich,de,20,20,1525.0,0.0,0.0,0.0,0.0,0.0,False,20,20,1525.0
official_switzerland_zurich_canton,de,17,17,7354.0,0.0,0.0,0.0,0.0,0.0,False,17,17,7354.0
official_taiwan,pypinyin+dragonmapper,60,60,872309.0,0.0,0.0,0.0,0.0,0.0,False,60,60,872309.0
official_turkey,tr,18,18,422676.0,0.0,0.0,0.0,0.0,0.0,False,18,18,422676.0
official_turkey_isimanlam_top500,tr,60,60,17312722.0,0.0,0.0,0.0,0.0,0.0,False,60,60,17312722.0
official_uruguay,es,40,40,14028.0,0.0,0.0,0.0,0.0,0.0,False,40,40,14028.0
official_uruguay_montevideo,es,12,12,34714.0,0.0,0.0,0.0,0.0,0.0,False,12,12,34714.0
official_us_california,en,9,9,408957.0,0.0,0.0,0.0,0.0,0.0,False,9,9,408957.0
official_us_newyork_city,en,12,12,36614.0,0.0,0.0,0.0,0.0,0.0,False,12,12,36614.0
official_us_newyork_state,en,15,15,79214.0,0.0,0.0,0.0,0.0,0.0,False,15,15,79214.0
official_usa,en,60,60,2938628.0,0.0,0.0,0.0,0.0,0.0,False,60,60,2938628.0
official_uzbekistan,uz,20,20,266944.0,0.0,0.0,0.0,0.0,0.0,False,20,20,266944.0
