source,name,sex,count,in_wikipron,in_leipzig
official_germany_aachen,Emma,F,21,False,True
official_germany_aachen,Emilia,F,21,False,True
official_germany_aachen,Mia,F,17,False,True
official_germany_aachen,Lina,F,17,False,True
official_germany_aachen,Ella,F,17,False,True
official_germany_aachen,Leonie,F,16,False,True
official_germany_aachen,Mila,F,15,False,True
official_germany_aachen,Lia,F,15,False,True
official_germany_aachen,Charlotte,F,14,True,True
official_germany_aachen,Sophia,F,13,False,True
official_germany_aachen,Leni,F,13,False,True
official_germany_aachen,Ida,F,13,False,True
official_germany_aachen,Marie,F,12,True,True
official_germany_aachen,Elina,F,11,False,True
official_germany_aachen,Maya,F,10,False,True
official_germany_aachen,Sofia,F,10,False,True
official_germany_aachen,Sophie,F,10,True,True
official_germany_aachen,Clara,F,10,False,True
official_germany_aachen,Hannah,F,10,False,True
official_germany_aachen,Isabella,F,10,True,True
official_germany_aachen,Mathilda,F,9,False,True
official_germany_aachen,Paula,F,9,False,True
official_germany_aachen,Amelie,F,9,False,True
official_germany_aachen,Hanna,F,9,False,True
official_germany_aachen,Lilly,F,8,True,True
official_germany_aachen,Lena,F,8,False,True
official_germany_aachen,Romy,F,8,False,True
official_germany_aachen,Nele,F,8,True,True
official_germany_aachen,Frieda,F,8,True,True
official_germany_aachen,Ayla,F,8,False,True
official_germany_aachen,Felix,M,22,True,True
official_germany_aachen,Luca,M,21,False,True
official_germany_aachen,Finn,M,18,False,True
official_germany_aachen,Leon,M,17,True,True
official_germany_aachen,Paul,M,16,True,True
official_germany_aachen,Leo,M,14,False,True
official_germany_aachen,Matteo,M,14,False,True
official_germany_aachen,Carlo,M,14,False,True
official_germany_aachen,Emil,M,14,False,True
official_germany_aachen,Lio,M,13,False,True
official_germany_aachen,Noah,M,13,False,True
official_germany_aachen,Elias,M,13,False,True
official_germany_aachen,Adrian,M,13,True,True
official_germany_aachen,Anton,M,13,True,True
official_germany_aachen,Liam,M,12,False,True
official_germany_aachen,Theo,M,12,False,True
official_germany_aachen,Adam,M,12,True,True
official_germany_aachen,Ben,M,12,False,True
official_germany_aachen,Oskar,M,11,True,True
official_germany_aachen,Levi,M,11,False,True
official_germany_aachen,Henri,M,11,False,True
official_germany_aachen,Linus,M,10,False,True
official_germany_aachen,Lukas,M,10,False,True
official_germany_aachen,Jakob,M,10,True,True
official_germany_aachen,Jonas,M,10,True,True
official_germany_aachen,Max,M,9,False,True
official_germany_aachen,Leonard,M,9,False,True
official_germany_aachen,Jonah,M,9,False,True
official_germany_aachen,Malik,M,8,False,True
official_germany_aachen,Milan,M,8,False,True
official_germany_berlin,Marie,F,781,True,True
official_germany_berlin,Marie,F,775,True,True
official_germany_berlin,Marie,F,762,True,True
official_germany_berlin,Marie,F,733,True,True
official_germany_berlin,Sophie,F,719,True,True
official_germany_berlin,Sophie,F,715,True,True
official_germany_berlin,Marie,F,695,True,True
official_germany_berlin,Sophie,F,682,True,True
official_germany_berlin,Sophie,F,672,True,True
official_germany_berlin,Sophie,F,649,True,True
official_germany_berlin,Charlotte,F,495,True,True
official_germany_berlin,Charlotte,F,463,True,True
official_germany_berlin,Maria,F,449,True,True
official_germany_berlin,Charlotte,F,438,True,True
official_germany_berlin,Charlotte,F,433,True,True
official_germany_berlin,Maria,F,410,True,True
official_germany_berlin,Maria,F,403,True,True
official_germany_berlin,Maria,F,401,True,True
official_germany_berlin,Maria,F,394,True,True
official_germany_berlin,Charlotte,F,388,True,True
official_germany_berlin,Emilia,F,382,False,True
official_germany_berlin,Emilia,F,356,False,True
official_germany_berlin,Emilia,F,348,False,True
official_germany_berlin,Emilia,F,328,False,True
official_germany_berlin,Mia,F,326,False,True
official_germany_berlin,Emma,F,317,False,True
official_germany_berlin,Anna,F,316,True,True
official_germany_berlin,Anna,F,312,True,True
official_germany_berlin,Emilia,F,310,False,True
official_germany_berlin,Sophia,F,306,False,True
official_germany_berlin,Alexander,M,467,False,True
official_germany_berlin,Alexander,M,451,False,True
official_germany_berlin,Alexander,M,449,False,True
official_germany_berlin,Alexander,M,446,False,True
official_germany_berlin,Alexander,M,445,False,True
official_germany_berlin,Paul,M,429,True,True
official_germany_berlin,Maximilian,M,409,False,True
official_germany_berlin,Paul,M,408,True,True
official_germany_berlin,Paul,M,394,True,True
official_germany_berlin,Maximilian,M,390,False,True
official_germany_berlin,Paul,M,383,True,True
official_germany_berlin,Maximilian,M,383,False,True
official_germany_berlin,Elias,M,376,False,True
official_germany_berlin,Elias,M,371,False,True
official_germany_berlin,Paul,M,367,True,True
official_germany_berlin,Maximilian,M,360,False,True
official_germany_berlin,Maximilian,M,344,False,True
official_germany_berlin,Elias,M,338,False,True
official_germany_berlin,Elias,M,322,False,True
official_germany_berlin,Emil,M,313,False,True
official_germany_berlin,Elias,M,300,False,True
official_germany_berlin,Emil,M,300,False,True
official_germany_berlin,Anton,M,297,True,True
official_germany_berlin,Luca,M,296,False,True
official_germany_berlin,Emil,M,295,False,True
official_germany_berlin,Noah,M,294,False,True
official_germany_berlin,Noah,M,292,False,True
official_germany_berlin,Luca,M,289,False,True
official_germany_berlin,Felix,M,283,True,True
official_germany_berlin,Anton,M,283,True,True
official_germany_cologne,Marie,F,373,True,True
official_germany_cologne,Marie,F,361,True,True
official_germany_cologne,Marie,F,357,True,True
official_germany_cologne,Marie,F,338,True,True
official_germany_cologne,Marie,F,316,True,True
official_germany_cologne,Marie,F,300,True,True
official_germany_cologne,Sophie,F,295,True,True
official_germany_cologne,Marie,F,293,True,True
official_germany_cologne,Marie,F,282,True,True
official_germany_cologne,Marie,F,279,True,True
official_germany_cologne,Sophie,F,249,True,True
official_germany_cologne,Sophie,F,248,True,True
official_germany_cologne,Sophie,F,239,True,True
official_germany_cologne,Sophie,F,235,True,True
official_germany_cologne,Sophie,F,226,True,True
official_germany_cologne,Sophie,F,221,True,True
official_germany_cologne,Sophie,F,216,True,True
official_germany_cologne,Maria,F,212,True,True
official_germany_cologne,Sophie,F,207,True,True
official_germany_cologne,Maria,F,195,True,True
official_germany_cologne,Maria,F,194,True,True
official_germany_cologne,Maria,F,193,True,True
official_germany_cologne,Maria,F,179,True,True
official_germany_cologne,Maria,F,174,True,True
official_germany_cologne,Maria,F,161,True,True
official_germany_cologne,Maria,F,158,True,True
official_germany_cologne,Maria,F,142,True,True
official_germany_cologne,Emilia,F,139,False,True
official_germany_cologne,Emilia,F,136,False,True
official_germany_cologne,Anna,F,135,True,True
official_germany_cologne,Maximilian,M,182,False,True
official_germany_cologne,Maximilian,M,178,False,True
official_germany_cologne,Maximilian,M,169,False,True
official_germany_cologne,Paul,M,168,True,True
official_germany_cologne,Maximilian,M,163,False,True
official_germany_cologne,Maximilian,M,160,False,True
official_germany_cologne,Maximilian,M,158,False,True
official_germany_cologne,Maximilian,M,158,False,True
official_germany_cologne,Alexander,M,153,False,True
official_germany_cologne,Paul,M,152,True,True
official_germany_cologne,Alexander,M,148,False,True
official_germany_cologne,Alexander,M,148,False,True
official_germany_cologne,Maximilian,M,147,False,True
official_germany_cologne,Paul,M,147,True,True
official_germany_cologne,Paul,M,145,True,True
official_germany_cologne,Alexander,M,143,False,True
official_germany_cologne,Paul,M,140,True,True
official_germany_cologne,Paul,M,138,True,True
official_germany_cologne,Paul,M,134,True,True
official_germany_cologne,Paul,M,132,True,True
official_germany_cologne,Alexander,M,130,False,True
official_germany_cologne,Elias,M,129,False,True
official_germany_cologne,Noah,M,128,False,True
official_germany_cologne,Noah,M,127,False,True
official_germany_cologne,Elias,M,126,False,True
official_germany_cologne,Alexander,M,126,False,True
official_germany_cologne,Alexander,M,125,False,True
official_germany_cologne,Paul,M,124,True,True
official_germany_cologne,Noah,M,124,False,True
official_germany_cologne,Jonas,M,121,True,True
official_germany_essen,Emilia,F,51,False,True
official_germany_essen,Mia,F,50,False,True
official_germany_essen,Mia,F,48,False,True
official_germany_essen,Mia,F,48,False,True
official_germany_essen,Mia,F,47,False,True
official_germany_essen,Mia,F,45,False,True
official_germany_essen,Mia,F,45,False,True
official_germany_essen,Mia,F,42,False,True
official_germany_essen,Lina,F,41,False,True
official_germany_essen,Mila,F,41,False,True
official_germany_essen,Emilia,F,41,False,True
official_germany_essen,Emma,F,41,False,True
official_germany_essen,Mila,F,41,False,True
official_germany_essen,Mia,F,40,False,True
official_germany_essen,Emma,F,40,False,True
official_germany_essen,Emma,F,40,False,True
official_germany_essen,Mia,F,40,False,True
official_germany_essen,Emilia,F,40,False,True
official_germany_essen,Emilia,F,40,False,True
official_germany_essen,Emma,F,39,False,True
official_germany_essen,Emma,F,39,False,True
official_germany_essen,Emilia,F,39,False,True
official_germany_essen,Emma,F,38,False,True
official_germany_essen,Mila,F,38,False,True
official_germany_essen,Sophia,F,38,False,True
official_germany_essen,Mia,F,37,False,True
official_germany_essen,Emilia,F,37,False,True
official_germany_essen,Mia,F,37,False,True
official_germany_essen,Lina,F,37,False,True
official_germany_essen,Mia,F,37,False,True
official_germany_essen,Leon,M,56,True,True
official_germany_essen,Ben,M,50,False,True
official_germany_essen,Noah,M,49,False,True
official_germany_essen,Noah,M,49,False,True
official_germany_essen,Noah,M,49,False,True
official_germany_essen,Elias,M,47,False,True
official_germany_essen,Maximilian,M,46,False,True
official_germany_essen,Ben,M,46,False,True
official_germany_essen,Ben,M,45,False,True
official_germany_essen,Noah,M,45,False,True
official_germany_essen,Jonas,M,44,True,True
official_germany_essen,Ben,M,44,False,True
official_germany_essen,Ben,M,44,False,True
official_germany_essen,Leon,M,43,True,True
official_germany_essen,Maximilian,M,43,False,True
official_germany_essen,Leon,M,42,True,True
official_germany_essen,Maximilian,M,41,False,True
official_germany_essen,Noah,M,41,False,True
official_germany_essen,Ben,M,41,False,True
official_germany_essen,Paul,M,41,True,True
official_germany_essen,Luca,M,41,False,True
official_germany_essen,Noah,M,40,False,True
official_germany_essen,Maximilian,M,40,False,True
official_germany_essen,Ben,M,39,False,True
official_germany_essen,Adam,M,39,True,True
official_germany_essen,Noah,M,39,False,True
official_germany_essen,Ben,M,38,False,True
official_germany_essen,Noah,M,38,False,True
official_germany_essen,Leon,M,38,True,True
official_germany_essen,Leon,M,38,True,True
official_germany_leipzig,Emma,F,47,False,True
official_germany_leipzig,Charlotte,F,47,True,True
official_germany_leipzig,Johanna,F,45,True,True
official_germany_leipzig,Emilia,F,44,False,True
official_germany_leipzig,Mia,F,42,False,True
official_germany_leipzig,Clara,F,42,False,True
official_germany_leipzig,Emilia,F,40,False,True
official_germany_leipzig,Charlotte,F,40,True,True
official_germany_leipzig,Emilia,F,40,False,True
official_germany_leipzig,Charlotte,F,36,True,True
official_germany_leipzig,Ida,F,36,False,True
official_germany_leipzig,Mia,F,35,False,True
official_germany_leipzig,Emma,F,35,False,True
official_germany_leipzig,Lina,F,35,False,True
official_germany_leipzig,Ella,F,34,False,True
official_germany_leipzig,Mila,F,34,False,True
official_germany_leipzig,Ella,F,33,False,True
official_germany_leipzig,Alma,F,32,False,True
official_germany_leipzig,Emma,F,32,False,True
official_germany_leipzig,Frieda,F,32,True,True
official_germany_leipzig,Mila,F,32,False,True
official_germany_leipzig,Mila,F,31,False,True
official_germany_leipzig,Mira,F,31,False,True
official_germany_leipzig,Mathilda,F,31,False,True
official_germany_leipzig,Mia,F,31,False,True
official_germany_leipzig,Ella,F,31,False,True
official_germany_leipzig,Ella,F,30,False,True
official_germany_leipzig,Emilia,F,30,False,True
official_germany_leipzig,Johanna,F,30,True,True
official_germany_leipzig,Emilia,F,29,False,True
official_germany_leipzig,Emil,M,62,False,True
official_germany_leipzig,Karl,M,55,True,True
official_germany_leipzig,Emil,M,50,False,True
official_germany_leipzig,Noah,M,48,False,True
official_germany_leipzig,Oskar,M,48,True,True
official_germany_leipzig,Noah,M,45,False,True
official_germany_leipzig,Noah,M,42,False,True
official_germany_leipzig,Noah,M,42,False,True
official_germany_leipzig,Paul,M,42,True,True
official_germany_leipzig,Noah,M,42,False,True
official_germany_leipzig,Theodor,M,42,False,True
official_germany_leipzig,Elias,M,41,False,True
official_germany_leipzig,Moritz,M,41,False,True
official_germany_leipzig,Karl,M,41,True,True
official_germany_leipzig,Theo,M,40,False,True
official_germany_leipzig,Emil,M,40,False,True
official_germany_leipzig,Emil,M,39,False,True
official_germany_leipzig,Adam,M,39,True,True
official_germany_leipzig,Ben,M,38,False,True
official_germany_leipzig,Anton,M,38,True,True
official_germany_leipzig,Oskar,M,37,True,True
official_germany_leipzig,Arthur,M,35,True,True
official_germany_leipzig,Oskar,M,35,True,True
official_germany_leipzig,Anton,M,35,True,True
official_germany_leipzig,Theo,M,35,False,True
official_germany_leipzig,Felix,M,35,True,True
official_germany_leipzig,Leon,M,34,True,True
official_germany_leipzig,Jonathan,M,34,False,True
official_germany_leipzig,Jakob,M,34,True,True
official_germany_leipzig,Theo,M,34,False,True
official_germany_muenster,Marie,F,120,True,True
official_germany_muenster,Marie,F,118,True,True
official_germany_muenster,Marie,F,117,True,True
official_germany_muenster,Marie,F,115,True,True
official_germany_muenster,Sophie,F,113,True,True
official_germany_muenster,Marie,F,112,True,True
official_germany_muenster,Sophie,F,111,True,True
official_germany_muenster,Marie,F,109,True,True
official_germany_muenster,Marie,F,109,True,True
official_germany_muenster,Marie,F,107,True,True
official_germany_muenster,Marie,F,106,True,True
official_germany_muenster,Marie,F,95,True,True
official_germany_muenster,Sophie,F,93,True,True
official_germany_muenster,Sophie,F,93,True,True
official_germany_muenster,Sophie,F,93,True,True
official_germany_muenster,Sophie,F,90,True,True
official_germany_muenster,Sophie,F,89,True,True
official_germany_muenster,Sophie,F,86,True,True
official_germany_muenster,Sophie,F,82,True,True
official_germany_muenster,Mia,F,78,False,True
official_germany_muenster,Maria,F,76,True,True
official_germany_muenster,Maria,F,72,True,True
official_germany_muenster,Maria,F,71,True,True
official_germany_muenster,Maria,F,71,True,True
official_germany_muenster,Sophie,F,70,True,True
official_germany_muenster,Maria,F,70,True,True
official_germany_muenster,Maria,F,68,True,True
official_germany_muenster,Maria,F,67,True,True
official_germany_muenster,Maria,F,66,True,True
official_germany_muenster,Charlotte,F,62,True,True
official_germany_muenster,Paul,M,82,True,True
official_germany_muenster,Felix,M,67,True,True
official_germany_muenster,Paul,M,65,True,True
official_germany_muenster,Felix,M,64,True,True
official_germany_muenster,Emil,M,64,False,True
official_germany_muenster,Maximilian,M,62,False,True
official_germany_muenster,Alexander,M,62,False,True
official_germany_muenster,Paul,M,62,True,True
official_germany_muenster,Anton,M,62,True,True
official_germany_muenster,Maximilian,M,62,False,True
official_germany_muenster,Anton,M,61,True,True
official_germany_muenster,Maximilian,M,61,False,True
official_germany_muenster,Alexander,M,60,False,True
official_germany_muenster,Felix,M,60,True,True
official_germany_muenster,Paul,M,60,True,True
official_germany_muenster,Maximilian,M,60,False,True
official_germany_muenster,Paul,M,59,True,True
official_germany_muenster,Anton,M,58,True,True
official_germany_muenster,Ben,M,58,False,True
official_germany_muenster,Paul,M,57,True,True
official_germany_muenster,Paul,M,57,True,True
official_germany_muenster,Jakob,M,56,True,True
official_germany_muenster,Felix,M,56,True,True
official_germany_muenster,Paul,M,55,True,True
official_germany_muenster,Anton,M,55,True,True
official_germany_muenster,Paul,M,55,True,True
official_germany_muenster,Elias,M,55,False,True
official_germany_muenster,Paul,M,53,True,True
official_germany_muenster,Felix,M,53,True,True
official_germany_muenster,Noah,M,53,False,True
official_germany_munich,Emilia,F,1443,False,True
official_germany_munich,Emma,F,1290,False,True
official_germany_munich,Anna,F,1261,True,True
official_germany_munich,Sophia,F,1148,False,True
official_germany_munich,Marie,F,985,True,True
official_germany_munich,Mia,F,967,False,True
official_germany_munich,Clara,F,870,False,True
official_germany_munich,Lea,F,858,False,True
official_germany_munich,Charlotte,F,848,True,True
official_germany_munich,Sophie,F,823,True,True
official_germany_munich,Lena,F,811,False,True
official_germany_munich,Luisa,F,792,False,True
official_germany_munich,Laura,F,760,False,True
official_germany_munich,Ella,F,756,False,True
official_germany_munich,Mila,F,753,False,True
official_germany_munich,Amelie,F,742,False,True
official_germany_munich,Antonia,F,733,False,True
official_germany_munich,Helena,F,722,False,True
official_germany_munich,Lara,F,714,False,True
official_germany_munich,Lina,F,712,False,True
official_germany_munich,Johanna,F,706,True,True
official_germany_munich,Paula,F,646,False,True
official_germany_munich,Leonie,F,629,False,True
official_germany_munich,Sofia,F,620,False,True
official_germany_munich,Hannah,F,616,False,True
official_germany_munich,Nora,F,595,False,True
official_germany_munich,Maria,F,581,True,True
official_germany_munich,Hanna,F,565,False,True
official_germany_munich,Julia,F,554,True,True
official_germany_munich,Emily,F,547,False,True
official_germany_munich,Maximilian,M,1751,False,True
official_germany_munich,Felix,M,1447,True,True
official_germany_munich,Paul,M,1220,True,True
official_germany_munich,Jakob,M,1194,True,True
official_germany_munich,Leon,M,1170,True,True
official_germany_munich,Noah,M,1166,False,True
official_germany_munich,Anton,M,1144,True,True
official_germany_munich,Lukas,M,1113,False,True
official_germany_munich,David,M,1111,True,True
official_germany_munich,Emil,M,992,False,True
official_germany_munich,Jonas,M,983,True,True
official_germany_munich,Moritz,M,952,False,True
official_germany_munich,Valentin,M,939,False,True
official_germany_munich,Elias,M,932,False,True
official_germany_munich,Alexander,M,921,False,True
official_germany_munich,Leo,M,919,False,True
official_germany_munich,Vincent,M,858,False,True
official_germany_munich,Julian,M,840,False,True
official_germany_munich,Samuel,M,805,False,True
official_germany_munich,Luis,M,774,False,True
official_germany_munich,Benjamin,M,743,True,True
official_germany_munich,Jonathan,M,714,False,True
official_germany_munich,Luca,M,710,False,True
official_germany_munich,Leopold,M,702,False,True
official_germany_munich,Oskar,M,694,True,True
official_germany_munich,Theo,M,663,False,True
official_germany_munich,Ludwig,M,622,True,True
official_germany_munich,Theodor,M,591,False,True
official_germany_munich,Louis,M,565,False,True
official_germany_munich,Ben,M,553,False,True
