country,file,source_name,source_type,url,language_family,language,year_range,format,n_entries,has_frequency,notes,doc,quality_tier
ETHIOPIA,forebears_ethiopia_forenames.csv,Forebears.io Ethiopia forenames,Web aggregator (genealogy database),https://forebears.io/ethiopia/forenames,Afro-Asiatic; Niger-Congo,Mixed (pan-Ethiopian),Uncertain (historical census data),CSV,338.0,YES,"Columns: Name, Male%, Female%, Incidence (absolute count), Frequency (1:N ratio). Top name: Bekele (1.58M). Scraped by kahramankostas/Name-statistics-by-country-in-the-world GitHub repo. No explicit license; forebears.io terms apply. Not Amharic-specific.",ETHIOPIA__SOURCES.csv,B
ETHIOPIA,amharic_names_geezorg.csv,Geezorg Amharic Names — Merged (BA + SGC + Addis Ababa Phone Book),Academic/community lexical resource,https://github.com/geezorg/data/raw/refs/heads/master/amharic/toponymic/BA-SGC-PhoneBook-SingleNames-Merged-20080604.txt,Afro-Asiatic (Semitic),Amharic,1971–2008 (source texts),CSV (converted from TSV),8743.0,NO,"Columns: amharic_name (Ge'ez script), name_type (Male/Female/Both/Place/Other/Unknown), alternate_spelling. No frequency counts — this is a name inventory. Sources: Solomon Gebre Christos 1971, Berhan Ayyalew 1980, Addis Ababa Phone Book. Includes personal names AND place names AND other tokens.",ETHIOPIA__SOURCES.csv,C
ETHIOPIA,amharic_names_SGC_with_latin.csv,Geezorg Amharic Names — SGC collection (Solomon Gebre Christos 1971),Academic/community lexical resource,https://github.com/geezorg/data/raw/refs/heads/master/amharic/toponymic/SGC-SingleNames-20071123.txt,Afro-Asiatic (Semitic),Amharic,1971,CSV (converted),884.0,NO,"Columns: amharic_name (Ge'ez script), latin_transcription, alternate_name. Valuable because it includes Latin/IPA-style romanization alongside Ge'ez script.",ETHIOPIA__SOURCES.csv,C
ETHIOPIA,amharic_names_BA_with_latin.csv,Geezorg Amharic Names — BA collection (Berhan Ayyalew 1980),Academic/community lexical resource,https://github.com/geezorg/data/raw/refs/heads/master/amharic/toponymic/BA-SingleNames-20071031.txt,Afro-Asiatic (Semitic),Amharic,1980,CSV (converted),7194.0,NO,"Columns: amharic_name (Ge'ez script), latin_transcription, alternate_amharic. Berhan Ayyalew transliteration of Amharic personal and place names.",ETHIOPIA__SOURCES.csv,C
ETHIOPIA,masakhaner_amharic_person_names.csv,MasakhaNER Amharic NER Corpus — B-PER tokens,NLP/NER research corpus,https://github.com/masakhane-io/masakhane-ner/blob/main/data/amh/train.txt,Afro-Asiatic (Semitic),Amharic,2021,CSV (derived),336.0,CORPUS FREQUENCY,"Columns: name, count_in_ner_corpus, language, source. Extracted B-PER (person name, first token) from IOB-tagged news text. WARNING: corpus is news text, so top tokens are political figures (Abiy Ahmed etc.) and foreign names — NOT a population name frequency list. License: CC BY 4.0 NC.",ETHIOPIA__SOURCES.csv,D
ETHIOPIA,geezorg_amharic_names_raw.txt,Geezorg raw merged names file,Raw download,https://github.com/geezorg/data,Afro-Asiatic (Semitic),Amharic,1971–2008,TSV,8744.0,NO,Original downloaded file. See amharic_names_geezorg.csv for processed version.,ETHIOPIA__SOURCES.csv,C
ETHIOPIA,geezorg_SGC_names.txt,Geezorg raw SGC names file,Raw download,https://github.com/geezorg/data,Afro-Asiatic (Semitic),Amharic,1971,TSV,884.0,NO,Original downloaded file. See amharic_names_SGC_with_latin.csv for processed version.,ETHIOPIA__SOURCES.csv,C
ETHIOPIA,geezorg_BA_names.txt,Geezorg raw BA names file,Raw download,https://github.com/geezorg/data,Afro-Asiatic (Semitic),Amharic,1980,TSV,7195.0,NO,Original downloaded file. See amharic_names_BA_with_latin.csv for processed version.,ETHIOPIA__SOURCES.csv,C
ETHIOPIA,masakhaner_amharic_train.txt,MasakhaNER Amharic IOB training file,Raw NER corpus,https://github.com/masakhane-io/masakhane-ner,Afro-Asiatic (Semitic),Amharic,2021,IOB text,,NO,Raw IOB-tagged NER file. See masakhaner_amharic_person_names.csv for extracted B-PER tokens.,ETHIOPIA__SOURCES.csv,D
KENYA,forebears_kenya_forenames.csv,Forebears.io Kenya forenames,Web aggregator (genealogy database),https://forebears.io/kenya/forenames,Mixed (Niger-Congo/Bantu dominant),Mixed (pan-Kenyan),Uncertain (historical census data),CSV,1001.0,YES,"Columns: Name, Male%, Female%, Incidence (absolute count), Frequency (1:N ratio). Top name: John (490K). Scraped by kahramankostas/Name-statistics-by-country-in-the-world GitHub repo. Note: strongly dominated by English/Christian names due to colonial history. Swahili/Bantu names appear further down (e.g. Wanjiru rank 30, Otieno rank 43, Mwangi rank 57, Kamau, Odhiambo, Njoroge etc.).",KENYA__SOURCES.csv,B
KENYA,masakhaner_swahili_person_names.csv,MasakhaNER Swahili NER Corpus — B-PER tokens,NLP/NER research corpus,https://github.com/masakhane-io/masakhane-ner/blob/main/data/swa/train.txt,Niger-Congo (Bantu),Swahili (Kiswahili),2021,CSV (derived),467.0,CORPUS FREQUENCY,"Columns: name, count_in_ner_corpus, language, source. WARNING: news corpus — top tokens are Trump, Donald, Mueller, Francis (Pope) — not Swahili given names. Not suitable as a population name frequency list. License: CC BY 4.0 NC.",KENYA__SOURCES.csv,D
KENYA,masakhaner_swahili_train.txt,MasakhaNER Swahili IOB training file,Raw NER corpus,https://github.com/masakhane-io/masakhane-ner,Niger-Congo (Bantu),Swahili (Kiswahili),2021,IOB text,,NO,Raw IOB-tagged NER file. See masakhaner_swahili_person_names.csv for extracted B-PER tokens.,KENYA__SOURCES.csv,D
NIGERIA,forebears_nigeria_forenames.csv,Forebears.io Nigeria forenames,Web aggregator (genealogy database),https://forebears.io/nigeria/forenames,Mixed (Niger-Congo + Afro-Asiatic),Mixed (pan-Nigerian),Uncertain (historical census data),CSV,1000,YES,"Columns: Name, Male%, Female%, Incidence (absolute count), Frequency (1:N ratio). Top name: Musa (2.4M). Scraped by kahramankostas/Name-statistics-by-country-in-the-world GitHub repo. Covers all Nigerian ethnic groups (Hausa, Yoruba, Igbo, etc.) in one list — not separated by language. Strong Hausa-Muslim representation at top.",NIGERIA__SOURCES.csv,B
NIGERIA,yoruba_names_lagosnomad.csv,Lagosnomad Yoruba Names (GitHub),Community GitHub repository,https://github.com/lagosnomad/yoruba-names,Niger-Congo (Volta-Niger),Yoruba,Unknown (contemporary),CSV (converted from JSON),5825,NO,"Columns: name, language, source. Names include diacritical marks (tones: à á ẹ ọ etc.) — valuable for Yoruba orthography. No frequency data. Converted from yoruba-names.json. No explicit license stated.",NIGERIA__SOURCES.csv,C
NIGERIA,masakhaner_yoruba_person_names.csv,MasakhaNER Yoruba NER Corpus — B-PER tokens,NLP/NER research corpus,https://github.com/masakhane-io/masakhane-ner/blob/main/data/yor/train.txt,Niger-Congo (Volta-Niger),Yoruba,2021,CSV (derived),324,CORPUS FREQUENCY,"Columns: name, count_in_ner_corpus, language, source. WARNING: news corpus — top tokens are political figures and foreign names. Not a population name frequency list. License: CC BY 4.0 NC.",NIGERIA__SOURCES.csv,D
NIGERIA,masakhaner_igbo_person_names.csv,MasakhaNER Igbo NER Corpus — B-PER tokens,NLP/NER research corpus,https://github.com/masakhane-io/masakhane-ner/blob/main/data/ibo/train.txt,Niger-Congo (Volta-Niger),Igbo,2021,CSV (derived),466,CORPUS FREQUENCY,"Columns: name, count_in_ner_corpus, language, source. WARNING: news corpus. License: CC BY 4.0 NC.",NIGERIA__SOURCES.csv,D
NIGERIA,masakhaner_hausa_person_names.csv,MasakhaNER Hausa NER Corpus — B-PER tokens,NLP/NER research corpus,https://github.com/masakhane-io/masakhane-ner/blob/main/data/hau/train.txt,Afro-Asiatic (Chadic),Hausa,2021,CSV (derived),414,CORPUS FREQUENCY,"Columns: name, count_in_ner_corpus, language, source. WARNING: news corpus — Trump is top token. License: CC BY 4.0 NC.",NIGERIA__SOURCES.csv,D
NIGERIA,yoruba_first_names_davepartner.txt,davepartner Nigerian Names List — Yoruba first names,Community GitHub repository,https://github.com/davepartner/list-of-nigerian-names/blob/master/yoruba-first-names,Niger-Congo (Volta-Niger),Yoruba,Unknown,Plain text (JS array format),~150,NO,Simple list of Yoruba given names in JavaScript array syntax. No frequency. Very small.,NIGERIA__SOURCES.csv,C
NIGERIA,igbo_first_names_davepartner.txt,davepartner Nigerian Names List — Igbo first names,Community GitHub repository,https://github.com/davepartner/list-of-nigerian-names/blob/master/igbo-first-names,Niger-Congo (Volta-Niger),Igbo,Unknown,Plain text (JS array format),~40,NO,Small curated list of common Igbo given names. No frequency.,NIGERIA__SOURCES.csv,C
NIGERIA,hausa_first_names_davepartner.txt,davepartner Nigerian Names List — Hausa first names,Community GitHub repository,https://github.com/davepartner/list-of-nigerian-names/blob/master/hausa-first-names,Afro-Asiatic (Chadic),Hausa,Unknown,Plain text (JS array format),9,NO,Only 9 names. Extremely limited.,NIGERIA__SOURCES.csv,C
NIGERIA,igbo_names_pmc5612788_mmc2.xlsx,Okagbue et al. 2017 Igbo Names Dataset — supplementary mmc2 (PMC version — HTML ERROR PAGE),Academic paper supplementary data,https://pmc.ncbi.nlm.nih.gov/articles/instance/5612788/bin/mmc2.xlsx,Niger-Congo (Volta-Niger),Igbo,2017,BROKEN (HTML page returned by PMC),,,PMC version blocked by session cookies. Use igbo_names_okagbue2017_mmc2.xlsx (downloaded from Elsevier CDN) instead.,NIGERIA__SOURCES.csv,C
NIGERIA,igbo_names_pmc5612788_mmc3.xlsx,Okagbue et al. 2017 Igbo Names Dataset — supplementary mmc3 (PMC version — HTML ERROR PAGE),Academic paper supplementary data,https://pmc.ncbi.nlm.nih.gov/articles/instance/5612788/bin/mmc3.xlsx,Niger-Congo (Volta-Niger),Igbo,2017,BROKEN (HTML page returned by PMC),,,PMC version blocked by session cookies. Use igbo_names_okagbue2017_mmc3.xlsx instead.,NIGERIA__SOURCES.csv,C
NIGERIA,igbo_names_okagbue2017_mmc2.xlsx,Okagbue et al. 2017 Igbo Names Dataset — mmc2 (names + gender + structure),Academic paper supplementary data,https://ars.els-cdn.com/content/image/1-s2.0-S2352340917304225-mmc2.xlsx | DOI: 10.1016/j.dib.2017.08.045,Niger-Congo (Volta-Niger),Igbo,2017,Excel (valid XLSX — 43KB),965,YES (gender),"Columns: Igbo Names, Total (name length), Gender (M/F/U), Vowels, Consonants. 965 randomly selected Igbo personal names. CONVERTED to CSV as igbo_names_okagbue2017.csv. CC BY 4.0 license.",NIGERIA__SOURCES.csv,C
NIGERIA,igbo_names_okagbue2017_mmc3.xlsx,Okagbue et al. 2017 Igbo Names Dataset — mmc3 (letter frequency formulas),Academic paper supplementary data,https://ars.els-cdn.com/content/image/1-s2.0-S2352340917304225-mmc3.xlsx,Niger-Congo (Volta-Niger),Igbo,2017,Excel (valid XLSX — 325KB),965 rows x 38 cols,YES (letter freq),Letter-by-letter frequency counts per name (using Excel SUMPRODUCT formulas). 38 columns. CC BY 4.0 license.,NIGERIA__SOURCES.csv,C
NIGERIA,igbo_names_okagbue2017.csv,Okagbue et al. 2017 Igbo Names — converted CSV,Derived from academic data,https://ars.els-cdn.com/content/image/1-s2.0-S2352340917304225-mmc2.xlsx,Niger-Congo (Volta-Niger),Igbo,2017,CSV,965,YES (gender),"Columns: name, name_length, gender (M/F/U), vowel_count, consonant_count, language, source. 257 male, 196 female, 512 unisex/unknown.",NIGERIA__SOURCES.csv,C
NIGERIA,masakhaner_yoruba_train.txt,MasakhaNER Yoruba IOB training file,Raw NER corpus,https://github.com/masakhane-io/masakhane-ner,Niger-Congo (Volta-Niger),Yoruba,2021,IOB text,,NO,Raw file. See masakhaner_yoruba_person_names.csv for extracted B-PER tokens.,NIGERIA__SOURCES.csv,D
NIGERIA,masakhaner_igbo_train.txt,MasakhaNER Igbo IOB training file,Raw NER corpus,https://github.com/masakhane-io/masakhane-ner,Niger-Congo (Volta-Niger),Igbo,2021,IOB text,,NO,Raw file.,NIGERIA__SOURCES.csv,D
NIGERIA,masakhaner_hausa_train.txt,MasakhaNER Hausa IOB training file,Raw NER corpus,https://github.com/masakhane-io/masakhane-ner,Afro-Asiatic (Chadic),Hausa,2021,IOB text,,NO,Raw file.,NIGERIA__SOURCES.csv,D
NIGERIA,yoruba_names_lagosnomad.json,Lagosnomad Yoruba Names JSON (original),Community GitHub repository,https://github.com/lagosnomad/yoruba-names,Niger-Congo (Volta-Niger),Yoruba,Unknown,JSON,5825,NO,Original JSON source. See yoruba_names_lagosnomad.csv.,NIGERIA__SOURCES.csv,C
NIGERIA,behindthename_hausa_names.csv,Behind the Name — Hausa usage page,Onomastic reference database,https://www.behindthename.com/names/usage/hausa,Afro-Asiatic (Chadic),Hausa,Contemporary,CSV (scraped 2026-05-01),72,NO,"Columns: name, gender (M/F/MF), name_key, language, source, has_frequency. 72 unique Hausa names with gender. No frequency data. Scraped from Behind the Name usage page for Hausa. Includes Islamic names common in Hausa (Abubakar, Musa, Fatima etc.) and Hausa-specific names (Kyauta, Jummai, Ladi, Asabe etc.).",NIGERIA__SOURCES.csv,C
NIGERIA,forebears_nigeria_forenames_top1000.csv,Forebears.io Nigeria forenames — rescraped with gender,Web aggregator (genealogy database),https://forebears.io/nigeria/forenames,Mixed (Niger-Congo + Afro-Asiatic),Mixed (pan-Nigerian),Uncertain (historical census data),CSV (scraped 2026-05-01),1000,YES,"Columns: rank, name, gender_inferred (M/F/MF), pct_female, incidence, frequency_ratio, frequency_pct, source. Rescraped version of forebears_nigeria_forenames.csv with correct gender bar parsing. Top name: Musa (2,407,040). Strong Hausa-Muslim representation in top 50 (Musa, Ibrahim, Abubakar, Sani, Abdullahi, Mohammed, Umar, Adamu, Usman).",NIGERIA__SOURCES.csv,B
NIGERIA,forebears_niger_forenames_top1000.csv,Forebears.io Niger (Republic) forenames,Web aggregator (genealogy database),https://forebears.io/niger/forenames,Afro-Asiatic (Chadic) + Nilo-Saharan,Hausa-dominant (Niger republic),Uncertain (historical census data),CSV (scraped 2026-05-01),1002,YES,"Columns: rank, name, gender_inferred (M/F/MF), pct_female, incidence, frequency_ratio, frequency_pct, source, notes. Niger republic is ~55% Hausa-speaking. Top names: Mariama (396K), Abdou (283K), Moussa (274K), Hadiza (266K), Ibrahim (256K). Very strong Hausa naming tradition. Use in conjunction with Nigeria data for broader Hausa name coverage.",NIGERIA__SOURCES.csv,B
NIGERIA,masakhaner_hausa_person_names_all_splits.csv,MasakhaNER Hausa NER Corpus — B-PER tokens (train + dev + test),NLP/NER research corpus,https://github.com/masakhane-io/masakhane-ner/tree/main/data/hau,Afro-Asiatic (Chadic),Hausa,2021,CSV (derived 2026-05-01),689,CORPUS FREQUENCY,"Columns: name, count_train, count_dev, count_test, count_total, language, source. Extracted B-PER tokens from all three splits (train: 56921 lines, dev: 8576, test: 17392). WARNING: news corpus dominated by foreign political figures (Trump=top token). Genuinely Hausa names present include: Haruna, Sule, Muhammadu, Buhari, Bello, Haruna Mamman Bako etc. License: CC BY 4.0 NC.",NIGERIA__SOURCES.csv,D
NIGERIA,wiktionary_hausa_names_updated.csv,Wiktionary Hausa given names — full category scrape,Wiktionary (community lexicon),https://en.wiktionary.org/wiki/Category:Hausa_given_names,Afro-Asiatic (Chadic),Hausa,Contemporary,CSV (scraped 2026-05-01),111,NO,"Columns: name, gender (M/F/MF/U), source, has_frequency. Scraped from Wiktionary Category:Hausa_given_names and subcategories (male: 78, female: 38, unisex: 1). 111 unique names after deduplication. Gender breakdown: M=73, F=33, MF=5. Includes Hausa-specific characters (e.g. names with special letters). No frequency. Supersedes wiktionary_hausa_names.csv (91 entries).",NIGERIA__SOURCES.csv,C
