source,voice,epitran,routed,names,script,script_expected,script_mismatch,ref_iso,ref_overlap,exact_pct,edit_dist
albania,sq,,espeak,20,LATIN,LATIN,False,sqi,0.0,,
argentina,es,,espeak,17,LATIN,LATIN,False,spa,6.0,83.3,0.0417
argentina_buenos_aires,es,,espeak,60,LATIN,LATIN,False,spa,39.0,76.9,0.0448
armenia,hy,,espeak,23,ARMENIAN,ARMENIAN,False,hye,16.0,6.2,0.3673
australia,en,,espeak,60,LATIN,LATIN,False,eng,56.0,37.5,0.1888
australia_new_south_wales,en,,espeak,12,LATIN,LATIN,False,eng,11.0,36.4,0.1565
australia_queensland,en,,espeak,12,LATIN,LATIN,False,eng,12.0,33.3,0.1885
australia_south_australia,en,,espeak,11,LATIN,LATIN,False,eng,10.0,50.0,0.1126
australia_victoria,en,,espeak,9,LATIN,LATIN,False,eng,9.0,22.2,0.2685
austria,de,,espeak,14,LATIN,LATIN,False,deu,12.0,16.7,0.2339
austria_vienna,de,,espeak,12,LATIN,LATIN,False,deu,10.0,30.0,0.2806
azerbaijan,az,,espeak,12,LATIN,LATIN,False,aze,3.0,66.7,0.1667
belarus,be,,espeak,11,CYRILLIC,CYRILLIC,False,bel,2.0,0.0,0.1964
belgium,nl,,espeak,60,LATIN,LATIN,False,nld,13.0,84.6,0.1436
bosnia_federation,hr,,espeak,60,LATIN,LATIN,False,hbs,5.0,0.0,0.3033
brazil,pt-br,,espeak,60,LATIN,LATIN,False,por,44.0,2.3,0.315
bulgaria,bg,,espeak,20,CYRILLIC,CYRILLIC,False,bul,5.0,20.0,0.1619
canada,en,,espeak,19,LATIN,LATIN,False,eng,18.0,22.2,0.1868
canada_british_columbia,en,,espeak,8,LATIN,LATIN,False,eng,7.0,28.6,0.1599
canada_new_brunswick,en,,espeak,13,LATIN,LATIN,False,eng,13.0,15.4,0.2002
canada_nova_scotia,en,,espeak,4,LATIN,LATIN,False,eng,4.0,25.0,0.2042
canada_ontario,en,,espeak,9,LATIN,LATIN,False,eng,8.0,25.0,0.1869
canada_quebec,fr,fra-Latn,epitran,32,LATIN,LATIN,False,fra,23.0,39.1,0.1851
china,zh,,espeak,20,CJK,HAN,True,cmn,1.0,0.0,0.7273
colombia,es,,espeak,20,LATIN,LATIN,False,spa,15.0,73.3,0.0393
croatia,hr,,espeak,60,LATIN,LATIN,False,hbs,11.0,9.1,0.3
curacao,pap,,espeak,30,LATIN,LATIN,False,,,,
czech,cs,,espeak,60,LATIN,LATIN,False,ces,45.0,8.9,0.2164
czech_mv,cs,,espeak,60,LATIN,LATIN,False,ces,3.0,33.3,0.1508
denmark,da,,espeak,60,LATIN,LATIN,False,dan,4.0,0.0,0.7063
dominican_republic,es,,espeak,30,LATIN,LATIN,False,spa,18.0,66.7,0.0483
england,en,,espeak,60,LATIN,LATIN,False,eng,56.0,37.5,0.1837
estonia,et,,espeak,60,LATIN,LATIN,False,est,5.0,0.0,0.3286
estonia_population_top100,et,,espeak,60,LATIN,LATIN,False,est,6.0,16.7,0.3258
faroe_islands,fo,,espeak,24,LATIN,LATIN,False,fao,11.0,9.1,0.3848
finland,fi,,espeak,60,LATIN,LATIN,False,fin,60.0,11.7,0.3723
finland_finnish_children_2024,fi,,espeak,60,LATIN,LATIN,False,fin,56.0,12.5,0.3574
france,fr,,espeak,60,LATIN,LATIN,False,fra,46.0,84.8,0.3046
france_angers,fr,fra-Latn,epitran,25,LATIN,LATIN,False,fra,23.0,43.5,0.2149
france_nantes,fr,fra-Latn,epitran,20,LATIN,LATIN,False,fra,20.0,55.0,0.1738
france_orleans,fr,fra-Latn,epitran,15,LATIN,LATIN,False,fra,15.0,60.0,0.0929
france_paris,fr,fra-Latn,epitran,11,LATIN,LATIN,False,fra,11.0,27.3,0.2765
france_saint_herblain,fr,fra-Latn,epitran,20,LATIN,LATIN,False,fra,20.0,65.0,0.1325
france_toulouse,fr,fra-Latn,epitran,60,LATIN,LATIN,False,fra,54.0,44.4,0.1931
french_polynesia_pirae_polynesian_names,poly,,espeak,35,LATIN,LATIN,False,,,,
georgia,ka,,espeak,40,GEORGIAN,GEORGIAN,False,kat,24.0,70.8,0.046
germany_aachen,de,,espeak,60,LATIN,LATIN,False,deu,32.0,34.4,0.2107
germany_berlin,de,,espeak,18,LATIN,LATIN,False,deu,15.0,26.7,0.1988
germany_cologne,de,,espeak,11,LATIN,LATIN,False,deu,10.0,10.0,0.2506
germany_essen,de,,espeak,15,LATIN,LATIN,False,deu,10.0,10.0,0.2667
germany_leipzig,de,,espeak,31,LATIN,LATIN,False,deu,20.0,20.0,0.2668
germany_muenster,de,,espeak,15,LATIN,LATIN,False,deu,15.0,26.7,0.2121
germany_munich,de,,espeak,60,LATIN,LATIN,False,deu,39.0,23.1,0.2468
greenland,kl,,espeak,33,LATIN,LATIN,False,kal,17.0,52.9,0.1274
greenland_greenlandic_names,kl,,espeak,29,LATIN,LATIN,False,kal,20.0,60.0,0.1083
hungary,hu,,espeak,60,LATIN,LATIN,False,hun,39.0,48.7,0.1853
iceland,is,,espeak,60,LATIN,LATIN,False,isl,33.0,6.1,0.3907
indonesia,id,,espeak,20,LATIN,LATIN,False,ind,0.0,,
iran,fa,,espeak,60,ARABIC,ARABIC,False,fas,15.0,20.0,0.236
ireland,en,,espeak,8,LATIN,LATIN,False,eng,8.0,12.5,0.2354
israel,he,,espeak,58,HEBREW,HEBREW,False,heb,28.0,7.1,0.4288
israel_jewish_hebrew,he,,espeak,58,HEBREW,HEBREW,False,heb,27.0,7.4,0.4225
italy,it,,espeak,10,LATIN,LATIN,False,ita,9.0,33.3,0.1278
japan,ja,,espeak,60,CJK,HAN,True,jpn,18.0,0.0,5.1332
kazakhstan,kk,,espeak,15,CYRILLIC,CYRILLIC,False,kaz,1.0,100.0,0.0
kazakhstan_kazakh,kk,,espeak,60,CYRILLIC,CYRILLIC,False,kaz,3.0,0.0,0.5111
kyrgyzstan,ky,,espeak,20,CYRILLIC,CYRILLIC,False,kir,0.0,,
latvia,lv,,espeak,60,LATIN,LATIN,False,lav,0.0,,
lithuania,lt,,espeak,60,LATIN,LATIN,False,lit,1.0,0.0,0.6667
mexico_city,es,,espeak,11,LATIN,LATIN,False,spa,7.0,42.9,0.0964
morocco,ar,,espeak,9,ARABIC,ARABIC,False,ara,7.0,57.1,0.0884
netherlands,nl,,espeak,60,LATIN,LATIN,False,nld,32.0,84.4,0.069
new_caledonia_noumea,fr,fra-Latn,epitran,27,LATIN,LATIN,False,fra,21.0,33.3,0.2291
newzealand,en,,espeak,60,LATIN,LATIN,False,eng,58.0,37.9,0.196
newzealand_maori,mi,,espeak,23,LATIN,LATIN,False,mri,8.0,50.0,0.149
north_macedonia,mk,,espeak,20,LATIN,CYRILLIC,True,mkd,0.0,,
northern_ireland,en,,espeak,17,LATIN,LATIN,False,eng,14.0,28.6,0.1952
norway,nb,,espeak,60,LATIN,LATIN,False,nob,2.0,0.0,0.35
paraguay,es,,espeak,20,LATIN,LATIN,False,spa,16.0,68.8,0.0631
philippines,en,tgl-Latn,epitran,22,LATIN,LATIN,False,tgl,4.0,25.0,0.1429
poland,pl,,espeak,60,LATIN,LATIN,False,pol,57.0,77.2,0.0377
portugal,pt,,espeak,16,LATIN,LATIN,False,por,15.0,33.3,0.2287
romania,ro,,espeak,40,LATIN,LATIN,False,ron,7.0,42.9,0.1452
russia,ru,,espeak,10,CYRILLIC,CYRILLIC,False,rus,10.0,0.0,0.3752
russia_moscow,ru,,espeak,15,CYRILLIC,CYRILLIC,False,rus,15.0,0.0,0.391
scotland,en,,espeak,60,LATIN,LATIN,False,eng,55.0,30.9,0.1957
slovakia,sk,,espeak,10,LATIN,LATIN,False,slk,4.0,75.0,0.0833
slovenia,sl,,espeak,60,LATIN,LATIN,False,slv,9.0,88.9,0.037
southafrica,af,zul-Latn,epitran,16,LATIN,LATIN,False,zul,0.0,,
southkorea,ko,kor-Hang,espeak,59,HANGUL,HANGUL,False,kor,7.0,0.0,0.3459
spain,es,,espeak,60,LATIN,LATIN,False,spa,36.0,72.2,0.0568
spain_basque_country,es,,espeak,19,LATIN,LATIN,False,spa,2.0,50.0,0.1667
spain_basque_country_top100,eu,,espeak,30,LATIN,LATIN,False,eus,10.0,70.0,0.11
spain_catalonia,ca,,espeak,12,LATIN,LATIN,False,cat,5.0,100.0,0.0
spain_valencian_community,ca,,espeak,16,LATIN,LATIN,False,cat,4.0,100.0,0.0
sweden,sv,,espeak,60,LATIN,LATIN,False,swe,7.0,0.0,0.5731
switzerland,de,,espeak,13,LATIN,LATIN,False,deu,7.0,14.3,0.4333
switzerland_french_region,fr,fra-Latn,epitran,13,LATIN,LATIN,False,fra,11.0,45.5,0.178
switzerland_geneva,fr,fra-Latn,epitran,7,LATIN,LATIN,False,fra,6.0,50.0,0.1583
switzerland_italian_region,it,,espeak,15,LATIN,LATIN,False,ita,12.0,41.7,0.1222
switzerland_zurich,de,,espeak,21,LATIN,LATIN,False,deu,11.0,36.4,0.2742
switzerland_zurich_canton,de,,espeak,17,LATIN,LATIN,False,deu,12.0,16.7,0.3121
taiwan,zh,,espeak,60,CJK,HAN,True,cmn,8.0,0.0,0.7831
tunisia,ar,,espeak,25,ARABIC,ARABIC,False,ara,12.0,83.3,0.0536
turkey,tr,,espeak,18,LATIN,LATIN,False,tur,2.0,0.0,0.2714
turkey_isimanlam_top500,tr,,espeak,60,LATIN,LATIN,False,tur,26.0,15.4,0.3294
ukraine,uk,,espeak,21,CYRILLIC,CYRILLIC,False,ukr,17.0,0.0,0.5035
uruguay,es,,espeak,40,LATIN,LATIN,False,spa,23.0,78.3,0.0458
uruguay_montevideo,es,,espeak,12,LATIN,LATIN,False,spa,9.0,66.7,0.058
us_california,en,,espeak,9,LATIN,LATIN,False,eng,8.0,25.0,0.1607
us_newyork_city,en,,espeak,12,LATIN,LATIN,False,eng,11.0,27.3,0.2814
us_newyork_state,en,,espeak,15,LATIN,LATIN,False,eng,14.0,21.4,0.2463
usa,en,,espeak,60,LATIN,LATIN,False,eng,53.0,24.5,0.2176
uzbekistan,uz,,espeak,20,LATIN,LATIN,False,uzb,0.0,,
