source,name,wiki,language,ipa,variant_rank,preferred,url
austria,Sabrina,en.wiktionary,German,/zaˈbʁiːna/,1,True,https://en.wiktionary.org/wiki/Sabrina
germany_aachen,Lena,en.wiktionary,German,/ˈleːna/,1,True,https://en.wiktionary.org/wiki/Lena
germany_aachen,Luca,en.wiktionary,German,/ˈluːka/,1,True,https://en.wiktionary.org/wiki/Luca
germany_aachen,Sofia,en.wiktionary,German,[zoˈfiːa],1,False,https://en.wiktionary.org/wiki/Sofia
germany_aachen,Sofia,en.wiktionary,German,/ˈzoːfiːaː/,2,True,https://en.wiktionary.org/wiki/Sofia
germany_berlin,Luca,en.wiktionary,German,/ˈluːka/,1,True,https://en.wiktionary.org/wiki/Luca
germany_essen,Luca,en.wiktionary,German,/ˈluːka/,1,True,https://en.wiktionary.org/wiki/Luca
germany_munich,Lara,en.wiktionary,German,/ˈlaːʁa/,1,True,https://en.wiktionary.org/wiki/Lara
germany_munich,Lena,en.wiktionary,German,/ˈleːna/,1,True,https://en.wiktionary.org/wiki/Lena
germany_munich,Leopold,en.wiktionary,German,/ˈleːopɔlt/,1,True,https://en.wiktionary.org/wiki/Leopold
germany_munich,Luca,en.wiktionary,German,/ˈluːka/,1,True,https://en.wiktionary.org/wiki/Luca
germany_munich,Sofia,en.wiktionary,German,[zoˈfiːa],1,False,https://en.wiktionary.org/wiki/Sofia
germany_munich,Sofia,en.wiktionary,German,/ˈzoːfiːaː/,2,True,https://en.wiktionary.org/wiki/Sofia
germany_munich,Valentin,en.wiktionary,German,/ˈva.lɛnˌtiːn/,1,True,https://en.wiktionary.org/wiki/Valentin
switzerland,Lara,en.wiktionary,German,/ˈlaːʁa/,1,True,https://en.wiktionary.org/wiki/Lara
switzerland,Luca,en.wiktionary,German,/ˈluːka/,1,True,https://en.wiktionary.org/wiki/Luca
switzerland_zurich,Luca,en.wiktionary,German,/ˈluːka/,1,True,https://en.wiktionary.org/wiki/Luca
switzerland_zurich,Sofia,en.wiktionary,German,[zoˈfiːa],1,False,https://en.wiktionary.org/wiki/Sofia
switzerland_zurich,Sofia,en.wiktionary,German,/ˈzoːfiːaː/,2,True,https://en.wiktionary.org/wiki/Sofia
switzerland_zurich_canton,Luca,en.wiktionary,German,/ˈluːka/,1,True,https://en.wiktionary.org/wiki/Luca
switzerland_zurich_canton,Nicole,en.wiktionary,German,/niˈkɔl/,1,True,https://en.wiktionary.org/wiki/Nicole
switzerland_zurich_canton,Sabrina,en.wiktionary,German,/zaˈbʁiːna/,1,True,https://en.wiktionary.org/wiki/Sabrina
georgia,ზურაბ,en.wiktionary,Georgian,[zuɾäpʰ],1,True,https://en.wiktionary.org/wiki/ზურაბ
georgia,მარიამ,en.wiktionary,Georgian,[mäɾiäm],1,True,https://en.wiktionary.org/wiki/მარიამ
georgia,მარინა,en.wiktionary,Georgian,[mäɾinä],1,True,https://en.wiktionary.org/wiki/მარინა
georgia,ნიკა,en.wiktionary,Georgian,[nikʼä],1,True,https://en.wiktionary.org/wiki/ნიკა
australia,Elsie,en.wiktionary,English,/ˈɛlsi/,1,True,https://en.wiktionary.org/wiki/Elsie
australia,Evelyn,en.wiktionary,English,/ˈɛvəlɪn/,1,True,https://en.wiktionary.org/wiki/Evelyn
australia,Evelyn,en.wiktionary,English,/ˈiːvlɪn/,2,False,https://en.wiktionary.org/wiki/Evelyn
australia_new_south_wales,Susan,en.wiktionary,English,/ˈsuː.zən/,1,True,https://en.wiktionary.org/wiki/Susan
australia_new_south_wales,Susan,en.wiktionary,English,/ˈsuː.zɪn/,2,False,https://en.wiktionary.org/wiki/Susan
australia_south_australia,Susan,en.wiktionary,English,/ˈsuː.zən/,1,True,https://en.wiktionary.org/wiki/Susan
australia_south_australia,Susan,en.wiktionary,English,/ˈsuː.zɪn/,2,False,https://en.wiktionary.org/wiki/Susan
canada,Emily,en.wiktionary,English,/ˈɛm.ə.li/,1,True,https://en.wiktionary.org/wiki/Emily
canada_british_columbia,Susan,en.wiktionary,English,/ˈsuː.zən/,1,True,https://en.wiktionary.org/wiki/Susan
canada_british_columbia,Susan,en.wiktionary,English,/ˈsuː.zɪn/,2,False,https://en.wiktionary.org/wiki/Susan
canada_ontario,M,en.wiktionary,English,/ɛm/,1,True,https://en.wiktionary.org/wiki/M
england,Elsie,en.wiktionary,English,/ˈɛlsi/,1,True,https://en.wiktionary.org/wiki/Elsie
england,Emily,en.wiktionary,English,/ˈɛm.ə.li/,1,True,https://en.wiktionary.org/wiki/Emily
england,Evelyn,en.wiktionary,English,/ˈɛvəlɪn/,1,True,https://en.wiktionary.org/wiki/Evelyn
england,Evelyn,en.wiktionary,English,/ˈiːvlɪn/,2,False,https://en.wiktionary.org/wiki/Evelyn
newzealand,Evelyn,en.wiktionary,English,/ˈɛvəlɪn/,1,True,https://en.wiktionary.org/wiki/Evelyn
newzealand,Evelyn,en.wiktionary,English,/ˈiːvlɪn/,2,False,https://en.wiktionary.org/wiki/Evelyn
northern_ireland,Adam,en.wiktionary,English,/ˈædəm/,1,True,https://en.wiktionary.org/wiki/Adam
northern_ireland,Adam,en.wiktionary,English,/ˈadəm/,2,False,https://en.wiktionary.org/wiki/Adam
northern_ireland,Adam,en.wiktionary,English,/ˈædəm/,3,True,https://en.wiktionary.org/wiki/Adam
northern_ireland,Adam,en.wiktionary,English,[ˈæɾm̩],4,False,https://en.wiktionary.org/wiki/Adam
northern_ireland,Adam,en.wiktionary,English,[ˈæɾəm],5,False,https://en.wiktionary.org/wiki/Adam
northern_ireland,Adam,en.wiktionary,English,/ˈɛdəm/,6,False,https://en.wiktionary.org/wiki/Adam
northern_ireland,Caitlin,en.wiktionary,English,/ˈkeɪtlɪn/,1,True,https://en.wiktionary.org/wiki/Caitlin
northern_ireland,Emily,en.wiktionary,English,/ˈɛm.ə.li/,1,True,https://en.wiktionary.org/wiki/Emily
philippines,Zia,en.wiktionary,English,/ˈziː.ə/,1,True,https://en.wiktionary.org/wiki/Zia
philippines,Zia,en.wiktionary,English,/ˈzi.ə/,2,False,https://en.wiktionary.org/wiki/Zia
scotland,Emily,en.wiktionary,English,/ˈɛm.ə.li/,1,True,https://en.wiktionary.org/wiki/Emily
us_newyork_city,Daniel,en.wiktionary,English,/ˈdænjəl/,1,True,https://en.wiktionary.org/wiki/Daniel
us_newyork_city,Daniel,en.wiktionary,English,/ˈdænjəl/,2,True,https://en.wiktionary.org/wiki/Daniel
us_newyork_city,Daniel,en.wiktionary,English,[ˈdeə̯njəl],3,False,https://en.wiktionary.org/wiki/Daniel
us_newyork_city,Daniel,en.wiktionary,English,[ˈdɛə̯njəl],4,False,https://en.wiktionary.org/wiki/Daniel
us_newyork_city,Daniel,en.wiktionary,English,/ˈdænjəl/,5,True,https://en.wiktionary.org/wiki/Daniel
us_newyork_city,Daniel,en.wiktionary,English,/ˈdænəl/,6,False,https://en.wiktionary.org/wiki/Daniel
us_newyork_city,Daniel,en.wiktionary,English,/ˈdeɪ̯njɛl/,7,False,https://en.wiktionary.org/wiki/Daniel
us_newyork_city,Emily,en.wiktionary,English,/ˈɛm.ə.li/,1,True,https://en.wiktionary.org/wiki/Emily
us_newyork_state,Daniel,en.wiktionary,English,/ˈdænjəl/,1,True,https://en.wiktionary.org/wiki/Daniel
us_newyork_state,Daniel,en.wiktionary,English,/ˈdænjəl/,2,True,https://en.wiktionary.org/wiki/Daniel
us_newyork_state,Daniel,en.wiktionary,English,[ˈdeə̯njəl],3,False,https://en.wiktionary.org/wiki/Daniel
us_newyork_state,Daniel,en.wiktionary,English,[ˈdɛə̯njəl],4,False,https://en.wiktionary.org/wiki/Daniel
us_newyork_state,Daniel,en.wiktionary,English,/ˈdænjəl/,5,True,https://en.wiktionary.org/wiki/Daniel
us_newyork_state,Daniel,en.wiktionary,English,/ˈdænəl/,6,False,https://en.wiktionary.org/wiki/Daniel
us_newyork_state,Daniel,en.wiktionary,English,/ˈdeɪ̯njɛl/,7,False,https://en.wiktionary.org/wiki/Daniel
us_newyork_state,Emily,en.wiktionary,English,/ˈɛm.ə.li/,1,True,https://en.wiktionary.org/wiki/Emily
usa,Daniel,en.wiktionary,English,/ˈdænjəl/,1,True,https://en.wiktionary.org/wiki/Daniel
usa,Daniel,en.wiktionary,English,/ˈdænjəl/,2,True,https://en.wiktionary.org/wiki/Daniel
usa,Daniel,en.wiktionary,English,[ˈdeə̯njəl],3,False,https://en.wiktionary.org/wiki/Daniel
usa,Daniel,en.wiktionary,English,[ˈdɛə̯njəl],4,False,https://en.wiktionary.org/wiki/Daniel
usa,Daniel,en.wiktionary,English,/ˈdænjəl/,5,True,https://en.wiktionary.org/wiki/Daniel
usa,Daniel,en.wiktionary,English,/ˈdænəl/,6,False,https://en.wiktionary.org/wiki/Daniel
usa,Daniel,en.wiktionary,English,/ˈdeɪ̯njɛl/,7,False,https://en.wiktionary.org/wiki/Daniel
usa,Emily,en.wiktionary,English,/ˈɛm.ə.li/,1,True,https://en.wiktionary.org/wiki/Emily
usa,Evelyn,en.wiktionary,English,/ˈɛvəlɪn/,1,True,https://en.wiktionary.org/wiki/Evelyn
usa,Evelyn,en.wiktionary,English,/ˈiːvlɪn/,2,False,https://en.wiktionary.org/wiki/Evelyn
iran,ابوالفضل,en.wiktionary,Persian,/ʔa.bul.ˈfazl/,1,True,https://en.wiktionary.org/wiki/ابوالفضل
iran,ابوالفضل,en.wiktionary,Persian,[ʔä.bʊl.fäzl],2,False,https://en.wiktionary.org/wiki/ابوالفضل
iran,ابوالفضل,en.wiktionary,Persian,[ʔä.bʊl.fäzl],3,False,https://en.wiktionary.org/wiki/ابوالفضل
iran,ابوالفضل,en.wiktionary,Persian,[ʔä.bʊl.fäzl],4,False,https://en.wiktionary.org/wiki/ابوالفضل
iran,ابوالفضل,en.wiktionary,Persian,[ʔä.bul.fäzl̥],5,False,https://en.wiktionary.org/wiki/ابوالفضل
iran,ابوالفضل,en.wiktionary,Persian,[ʔæ.bol.fæzl̥],6,False,https://en.wiktionary.org/wiki/ابوالفضل
iran,ابوالفضل,en.wiktionary,Persian,[ʔä.bul.fäzl],7,False,https://en.wiktionary.org/wiki/ابوالفضل
iran,ثنا,en.wiktionary,Persian,/sa.ˈnaː/,1,True,https://en.wiktionary.org/wiki/ثنا
iran,ثنا,en.wiktionary,Persian,[sä.nɑ́ː],2,False,https://en.wiktionary.org/wiki/ثنا
iran,ثنا,en.wiktionary,Persian,[sä.nɑ́ː],3,False,https://en.wiktionary.org/wiki/ثنا
iran,ثنا,en.wiktionary,Persian,[sä.nɑ́ː],4,False,https://en.wiktionary.org/wiki/ثنا
iran,ثنا,en.wiktionary,Persian,[sä.nɔ́ː],5,False,https://en.wiktionary.org/wiki/ثنا
iran,ثنا,en.wiktionary,Persian,[sæ.nɒ́ː],6,False,https://en.wiktionary.org/wiki/ثنا
iran,ثنا,en.wiktionary,Persian,[sä.nɔ́],7,False,https://en.wiktionary.org/wiki/ثنا
belgium,Sofia,en.wiktionary,Dutch,/ˈsoː.ˌfijaː/,1,True,https://en.wiktionary.org/wiki/Sofia
netherlands,Gijs,en.wiktionary,Dutch,/ɣɛi̯s/,1,True,https://en.wiktionary.org/wiki/Gijs
netherlands,Jesse,en.wiktionary,Dutch,/ˈjɛsə/,1,True,https://en.wiktionary.org/wiki/Jesse
argentina_buenos_aires,Enzo,en.wiktionary,Spanish,/ˈenθo/,1,True,https://en.wiktionary.org/wiki/Enzo
argentina_buenos_aires,Enzo,en.wiktionary,Spanish,[ˈẽn̟.θo],2,False,https://en.wiktionary.org/wiki/Enzo
argentina_buenos_aires,Enzo,en.wiktionary,Spanish,/ˈenso/,3,False,https://en.wiktionary.org/wiki/Enzo
argentina_buenos_aires,Enzo,en.wiktionary,Spanish,[ˈẽn.so],4,False,https://en.wiktionary.org/wiki/Enzo
uruguay,Enzo,en.wiktionary,Spanish,/ˈenθo/,1,True,https://en.wiktionary.org/wiki/Enzo
uruguay,Enzo,en.wiktionary,Spanish,[ˈẽn̟.θo],2,False,https://en.wiktionary.org/wiki/Enzo
uruguay,Enzo,en.wiktionary,Spanish,/ˈenso/,3,False,https://en.wiktionary.org/wiki/Enzo
uruguay,Enzo,en.wiktionary,Spanish,[ˈẽn.so],4,False,https://en.wiktionary.org/wiki/Enzo
france_angers,Timéo,en.wiktionary,French,/ti.me.o/,1,True,https://en.wiktionary.org/wiki/Timéo
switzerland_italian_region,Gaia,en.wiktionary,Italian,/ˈɡa.ja/,1,True,https://en.wiktionary.org/wiki/Gaia
switzerland_italian_region,Noemi,en.wiktionary,Italian,/noˈɛ.mi/,1,True,https://en.wiktionary.org/wiki/Noemi
ukraine,Максим,en.wiktionary,Ukrainian,[mɐkˈsɪm],1,True,https://en.wiktionary.org/wiki/Максим
bosnia_federation,Jusuf,en.wiktionary,Serbo-Croatian,/jǔsuf/,1,True,https://en.wiktionary.org/wiki/Jusuf
bosnia_federation,Muhamed,en.wiktionary,Serbo-Croatian,/muxǎmed/,1,True,https://en.wiktionary.org/wiki/Muhamed
bosnia_federation,Omer,en.wiktionary,Serbo-Croatian,/omer/,1,True,https://en.wiktionary.org/wiki/Omer
bosnia_federation,Sara,en.wiktionary,Serbo-Croatian,/sǎːra/,1,True,https://en.wiktionary.org/wiki/Sara
bosnia_federation,Una,en.wiktionary,Serbo-Croatian,/ǔːna/,1,True,https://en.wiktionary.org/wiki/Una
croatia,Borna,en.wiktionary,Serbo-Croatian,/bôːrna/,1,True,https://en.wiktionary.org/wiki/Borna
croatia,Cvita,en.wiktionary,Serbo-Croatian,/t͡sʋǐːta/,1,True,https://en.wiktionary.org/wiki/Cvita
croatia,Fran,en.wiktionary,Serbo-Croatian,/frân/,1,True,https://en.wiktionary.org/wiki/Fran
croatia,Iva,en.wiktionary,Serbo-Croatian,/ǐːʋa/,1,True,https://en.wiktionary.org/wiki/Iva
croatia,Jakov,en.wiktionary,Serbo-Croatian,/jâkoʋ/,1,True,https://en.wiktionary.org/wiki/Jakov
croatia,Leon,en.wiktionary,Serbo-Croatian,/lêon/,1,True,https://en.wiktionary.org/wiki/Leon
croatia,Lovro,en.wiktionary,Serbo-Croatian,/lǒːʋro/,1,True,https://en.wiktionary.org/wiki/Lovro
croatia,Lucija,en.wiktionary,Serbo-Croatian,/lǔt͡sija/,1,True,https://en.wiktionary.org/wiki/Lucija
croatia,Matej,en.wiktionary,Serbo-Croatian,/mǎtej/,1,True,https://en.wiktionary.org/wiki/Matej
croatia,Mateo,en.wiktionary,Serbo-Croatian,/matěo/,1,True,https://en.wiktionary.org/wiki/Mateo
croatia,Mihael,en.wiktionary,Serbo-Croatian,/mǐxael/,1,True,https://en.wiktionary.org/wiki/Mihael
croatia,Mila,en.wiktionary,Serbo-Croatian,/mîla/,1,True,https://en.wiktionary.org/wiki/Mila
croatia,Niko,en.wiktionary,Serbo-Croatian,/nǐːko/,1,True,https://en.wiktionary.org/wiki/Niko
croatia,Sara,en.wiktionary,Serbo-Croatian,/sǎːra/,1,True,https://en.wiktionary.org/wiki/Sara
croatia,Tena,en.wiktionary,Serbo-Croatian,/tena/,1,True,https://en.wiktionary.org/wiki/Tena
croatia,Una,en.wiktionary,Serbo-Croatian,/ǔːna/,1,True,https://en.wiktionary.org/wiki/Una
croatia,Vito,en.wiktionary,Serbo-Croatian,/ʋǐːto/,1,True,https://en.wiktionary.org/wiki/Vito
croatia,Šimun,en.wiktionary,Serbo-Croatian,/ʃîmuːn/,1,True,https://en.wiktionary.org/wiki/Šimun
turkey,Alya,en.wiktionary,Turkish,/ˈal.ja/,1,True,https://en.wiktionary.org/wiki/Alya
turkey,Asya,en.wiktionary,Turkish,[ä́s̪.jä],1,True,https://en.wiktionary.org/wiki/Asya
turkey,Ebrar,en.wiktionary,Turkish,/ebˈɾaɾ/,1,True,https://en.wiktionary.org/wiki/Ebrar
turkey,Eymen,en.wiktionary,Turkish,/ejˈmæn/,1,True,https://en.wiktionary.org/wiki/Eymen
turkey,Gökçe,en.wiktionary,Turkish,/ɟøcˈt͡ʃe/,1,True,https://en.wiktionary.org/wiki/Gökçe
turkey,Gökçe,en.wiktionary,Turkish,[ɟø̞cˈt͡ʃɛ],2,False,https://en.wiktionary.org/wiki/Gökçe
turkey,Zeynep,en.wiktionary,Turkish,/zejˈnep/,1,True,https://en.wiktionary.org/wiki/Zeynep
turkey_isimanlam_top500,Esma,en.wiktionary,Turkish,/esˈmaː/,1,True,https://en.wiktionary.org/wiki/Esma
turkey_isimanlam_top500,Hülya,en.wiktionary,Turkish,/hyljaː/,1,True,https://en.wiktionary.org/wiki/Hülya
turkey_isimanlam_top500,Meryem,en.wiktionary,Turkish,/mɛɾˈjɛm/,1,True,https://en.wiktionary.org/wiki/Meryem
turkey_isimanlam_top500,Muhammed,en.wiktionary,Turkish,/mu.hamˈmed/,1,True,https://en.wiktionary.org/wiki/Muhammed
turkey_isimanlam_top500,Muhammet,en.wiktionary,Turkish,/mu.hamˈmet/,1,True,https://en.wiktionary.org/wiki/Muhammet
turkey_isimanlam_top500,Süleyman,en.wiktionary,Turkish,/sy.lejˈmaːn/,1,True,https://en.wiktionary.org/wiki/Süleyman
turkey_isimanlam_top500,Zeynep,en.wiktionary,Turkish,/zejˈnep/,1,True,https://en.wiktionary.org/wiki/Zeynep
iceland,Sóley,en.wiktionary,Icelandic,[ˈsouːlei],1,True,https://en.wiktionary.org/wiki/Sóley
iceland,Úlfur,en.wiktionary,Icelandic,[ˈulvʏr],1,True,https://en.wiktionary.org/wiki/Úlfur
slovakia,Adam,en.wiktionary,Slovak,/adam/,1,True,https://en.wiktionary.org/wiki/Adam
slovakia,Adam,en.wiktionary,Slovak,[ˈadam],2,False,https://en.wiktionary.org/wiki/Adam
slovakia,Kristína,en.wiktionary,Slovak,/kristiːna/,1,True,https://en.wiktionary.org/wiki/Kristína
slovakia,Kristína,en.wiktionary,Slovak,[ˈkristiːna],2,False,https://en.wiktionary.org/wiki/Kristína
slovakia,Martin,en.wiktionary,Slovak,/martin/,1,True,https://en.wiktionary.org/wiki/Martin
slovakia,Martin,en.wiktionary,Slovak,[ˈmartin],2,False,https://en.wiktionary.org/wiki/Martin
slovakia,Samuel,en.wiktionary,Slovak,/samuel/,1,True,https://en.wiktionary.org/wiki/Samuel
slovakia,Samuel,en.wiktionary,Slovak,[ˈsamuel],2,False,https://en.wiktionary.org/wiki/Samuel
slovakia,Sofia,en.wiktionary,Slovak,/sɔfia/,1,True,https://en.wiktionary.org/wiki/Sofia
slovakia,Sofia,en.wiktionary,Slovak,[ˈsɔfia],2,False,https://en.wiktionary.org/wiki/Sofia
slovakia,Viktória,en.wiktionary,Slovak,/viktɔːria/,1,True,https://en.wiktionary.org/wiki/Viktória
slovakia,Viktória,en.wiktionary,Slovak,[ˈʋiktɔːria],2,False,https://en.wiktionary.org/wiki/Viktória
bulgaria,Калоян,en.wiktionary,Bulgarian,[kɐɫoˈja̟n],1,True,https://en.wiktionary.org/wiki/Калоян
bulgaria,Никола,en.wiktionary,Bulgarian,[niˈkɔɫɐ],1,True,https://en.wiktionary.org/wiki/Никола
bulgaria,Самуил,en.wiktionary,Bulgarian,[sɐmoˈiɫ],1,True,https://en.wiktionary.org/wiki/Самуил
slovenia,Bine,en.wiktionary,Slovene,/bíːnɛ/,1,True,https://en.wiktionary.org/wiki/Bine
slovenia,Bor,en.wiktionary,Slovene,/bɔ̂r/,1,True,https://en.wiktionary.org/wiki/Bor
slovenia,Bor,en.wiktionary,Slovene,/bɔ̀r/,2,False,https://en.wiktionary.org/wiki/Bor
slovenia,Brina,en.wiktionary,Slovene,/brìːna/,1,True,https://en.wiktionary.org/wiki/Brina
slovenia,Ema,en.wiktionary,Slovene,/ɛ̀ːma/,1,True,https://en.wiktionary.org/wiki/Ema
slovenia,Gal,en.wiktionary,Slovene,/ɡàːl/,1,True,https://en.wiktionary.org/wiki/Gal
slovenia,Jaka,en.wiktionary,Slovene,/jàːka/,1,True,https://en.wiktionary.org/wiki/Jaka
denmark,Emil,en.wiktionary,Danish,/e̝ˈmiːˀl/,1,True,https://en.wiktionary.org/wiki/Emil
denmark,Frederik,en.wiktionary,Danish,[ˈfʁeðˀʁek],1,True,https://en.wiktionary.org/wiki/Frederik
denmark,Frederik,en.wiktionary,Danish,[ˈfʁæðˀʁæk],2,False,https://en.wiktionary.org/wiki/Frederik
kazakhstan,Аружан,en.wiktionary,Kazakh,/ɑ.ro̙wˈʐɑn/,1,True,https://en.wiktionary.org/wiki/Аружан
kazakhstan,Ерасыл,en.wiktionary,Kazakh,/jerɑˈsɯɫ/,1,True,https://en.wiktionary.org/wiki/Ерасыл
lithuania,Aleksandra,en.wiktionary,Lithuanian,[ɐlʲɛk¹ˈsɑˑndrɐ],1,True,https://en.wiktionary.org/wiki/Aleksandra
lithuania,Aleksandras,en.wiktionary,Lithuanian,[ɐlʲɛk¹ˈsɑˑndrɐs],1,True,https://en.wiktionary.org/wiki/Aleksandras
lithuania,Alfonsas,en.wiktionary,Lithuanian,[¹ˈɑˑlfɔnsɐs],1,True,https://en.wiktionary.org/wiki/Alfonsas
lithuania,Algirdas,en.wiktionary,Lithuanian,[²ˈɐlʲˑɡʲɪrdɐs],1,True,https://en.wiktionary.org/wiki/Algirdas
lithuania,Andrius,en.wiktionary,Lithuanian,[²ˈɐnʲˑdʲrʲʊ̟s],1,True,https://en.wiktionary.org/wiki/Andrius
lithuania,Antanas,en.wiktionary,Lithuanian,[ɐn²ˈtɑːnɐs],1,True,https://en.wiktionary.org/wiki/Antanas
lithuania,Arūnas,en.wiktionary,Lithuanian,[ɐ¹ˈruːnɐs],1,True,https://en.wiktionary.org/wiki/Arūnas
lithuania,Birutė,en.wiktionary,Lithuanian,[bʲɪˈrʊtʲeː],1,True,https://en.wiktionary.org/wiki/Birutė
lithuania,Bronius,en.wiktionary,Lithuanian,[ˈbrɔnʲʊ̟s],1,True,https://en.wiktionary.org/wiki/Bronius
lithuania,Daiva,en.wiktionary,Lithuanian,[¹ˈdɑˑɪʋɐ],1,True,https://en.wiktionary.org/wiki/Daiva
lithuania,Danutė,en.wiktionary,Lithuanian,[dɐˈnʊtʲeː],1,True,https://en.wiktionary.org/wiki/Danutė
lithuania,Darius,en.wiktionary,Lithuanian,[²ˈdɑːrʲʊ̟s],1,True,https://en.wiktionary.org/wiki/Darius
lithuania,Emilija,en.wiktionary,Lithuanian,[ɛˈmʲɪlʲɪjɛ],1,True,https://en.wiktionary.org/wiki/Emilija
lithuania,Genovaitė,en.wiktionary,Lithuanian,[ɡʲɛnoː¹ˈʋɑˑɪtʲeː],1,True,https://en.wiktionary.org/wiki/Genovaitė
lithuania,Jonas,en.wiktionary,Lithuanian,[²ˈjo̟ːnɐs],1,True,https://en.wiktionary.org/wiki/Jonas
lithuania,Juozas,en.wiktionary,Lithuanian,[²ˈju̟ɔzɐs],1,True,https://en.wiktionary.org/wiki/Juozas
lithuania,Kazimieras,en.wiktionary,Lithuanian,[kɐˈzʲɪmʲiɛrɐs],1,True,https://en.wiktionary.org/wiki/Kazimieras
lithuania,Kazys,en.wiktionary,Lithuanian,[kɐ²ˈzʲiːs],1,True,https://en.wiktionary.org/wiki/Kazys
lithuania,Kristina,en.wiktionary,Lithuanian,[krʲɪsʲtʲɪˈnɐ],1,True,https://en.wiktionary.org/wiki/Kristina
lithuania,Kęstutis,en.wiktionary,Lithuanian,[kʲæːˈstʊtʲɪs],1,True,https://en.wiktionary.org/wiki/Kęstutis
lithuania,Lukas,en.wiktionary,Lithuanian,[ˈlʊkɐs],1,True,https://en.wiktionary.org/wiki/Lukas
lithuania,Mantas,en.wiktionary,Lithuanian,[²ˈmɐnˑtɐs],1,True,https://en.wiktionary.org/wiki/Mantas
lithuania,Mindaugas,en.wiktionary,Lithuanian,[¹ˈmʲɪndɒʊɡɐs],1,True,https://en.wiktionary.org/wiki/Mindaugas
lithuania,Petras,en.wiktionary,Lithuanian,[²ˈpʲæːtrɐs],1,True,https://en.wiktionary.org/wiki/Petras
lithuania,Povilas,en.wiktionary,Lithuanian,[¹ˈpoːʋʲɪlɐs],1,True,https://en.wiktionary.org/wiki/Povilas
lithuania,Pranas,en.wiktionary,Lithuanian,[²ˈprɑːnɐs],1,True,https://en.wiktionary.org/wiki/Pranas
lithuania,Saulius,en.wiktionary,Lithuanian,[ˈsɐʊ̯ˑlʲʊs],1,True,https://en.wiktionary.org/wiki/Saulius
lithuania,Stanislovas,en.wiktionary,Lithuanian,[stɐˈnʲɪsloːʋɐs],1,True,https://en.wiktionary.org/wiki/Stanislovas
lithuania,Stasys,en.wiktionary,Lithuanian,[stɐ²ˈsʲiːs],1,True,https://en.wiktionary.org/wiki/Stasys
lithuania,Stasė,en.wiktionary,Lithuanian,[²ˈstɑːsʲeː],1,True,https://en.wiktionary.org/wiki/Stasė
lithuania,Tomas,en.wiktionary,Lithuanian,[ˈtɔmɐs],1,True,https://en.wiktionary.org/wiki/Tomas
lithuania,Veronika,en.wiktionary,Lithuanian,[ʋʲɛˈrɔnʲɪkɐ],1,True,https://en.wiktionary.org/wiki/Veronika
lithuania,Viktoras,en.wiktionary,Lithuanian,[ˈʋʲɪktɔrɐs],1,True,https://en.wiktionary.org/wiki/Viktoras
lithuania,Viktorija,en.wiktionary,Lithuanian,[ʋʲɪkˈtɔrʲɪjɛ],1,True,https://en.wiktionary.org/wiki/Viktorija
lithuania,Vladas,en.wiktionary,Lithuanian,[²ˈʋlɑːdɐs],1,True,https://en.wiktionary.org/wiki/Vladas
lithuania,Vytautas,en.wiktionary,Lithuanian,[¹ˈʋʲiːtɒʊtɐs],1,True,https://en.wiktionary.org/wiki/Vytautas
norway,Astrid,en.wiktionary,Norwegian,/²astrɪ/,1,True,https://en.wiktionary.org/wiki/Astrid
norway,Emilie,en.wiktionary,Norwegian,/eˈmiː.li.ə/,1,True,https://en.wiktionary.org/wiki/Emilie
norway,Ingrid,en.wiktionary,Norwegian,/ˈɪŋ.rɪ/,1,True,https://en.wiktionary.org/wiki/Ingrid
norway,Jakob,en.wiktionary,Norwegian,/ˈjɑː.kɔp/,1,True,https://en.wiktionary.org/wiki/Jakob
norway,Jakob,en.wiktionary,Norwegian,/ˈjɑː.kup/,2,False,https://en.wiktionary.org/wiki/Jakob
norway,Johannes,en.wiktionary,Norwegian,/juˈhanːəs/,1,True,https://en.wiktionary.org/wiki/Johannes
norway,Jonas,en.wiktionary,Norwegian,/ˈjuː.nas/,1,True,https://en.wiktionary.org/wiki/Jonas
norway,Kasper,en.wiktionary,Norwegian,/ˈkas.pər/,1,True,https://en.wiktionary.org/wiki/Kasper
norway,Magnus,en.wiktionary,Norwegian,/ˈmaŋ.nʉs/,1,True,https://en.wiktionary.org/wiki/Magnus
norway,Magnus,en.wiktionary,Norwegian,[ˈmaŋː.nʉs],2,False,https://en.wiktionary.org/wiki/Magnus
norway,Magnus,en.wiktionary,Norwegian,/ˈmaɡ.nʉs/,3,False,https://en.wiktionary.org/wiki/Magnus
norway,Maja,en.wiktionary,Norwegian,/maja/,1,True,https://en.wiktionary.org/wiki/Maja
norway,Maja,en.wiktionary,Norwegian,[ˈmɑjːa],2,False,https://en.wiktionary.org/wiki/Maja
norway,Mathias,en.wiktionary,Norwegian,/¹maˈtiː.as/,1,True,https://en.wiktionary.org/wiki/Mathias
norway,Mathias,en.wiktionary,Norwegian,[mɑˈtìː.ɑ̌s],2,False,https://en.wiktionary.org/wiki/Mathias
norway,Nora,en.wiktionary,Norwegian,/²nuːra/,1,True,https://en.wiktionary.org/wiki/Nora
norway,Sander,en.wiktionary,Norwegian,/ˈsan.dər/,1,True,https://en.wiktionary.org/wiki/Sander
azerbaijan,Mələk,en.wiktionary,Azerbaijani,[mæˈlæç],1,True,https://en.wiktionary.org/wiki/Mələk
azerbaijan,Yusif,en.wiktionary,Azerbaijani,[juːˈsif],1,True,https://en.wiktionary.org/wiki/Yusif
latvia,Jānis,en.wiktionary,Latvian,[ˈjāːnis],1,True,https://en.wiktionary.org/wiki/Jānis
latvia,Tomass,en.wiktionary,Latvian,[ˈtɔmasː],1,True,https://en.wiktionary.org/wiki/Tomass
latvia,Toms,en.wiktionary,Latvian,[ˈtūɔ̯̄ms],1,True,https://en.wiktionary.org/wiki/Toms
latvia,Toms,en.wiktionary,Latvian,[ˈtɔms],2,False,https://en.wiktionary.org/wiki/Toms
